190000,24990000,700000
380000,24990000,1700000
380000,26959999,700000
660000,26860001,1700000
750000,22360001,700000
850000,23200001,2700000
850000,25830000,2700000
940000,21980000,1700000
1130000,22830000,3700000
1410000,22920000,4700000
1410000,25930000,3700000
1500000,21139999,2700000
1500000,28930000,700000
1600000,20950001,3700000
1690000,21230000,4700000
1690000,25170000,4700000
1780000,27900000,2700000
1880000,21790001,5700000
1880000,24049999,5700000
1880000,28840000,1700000
2160000,20200001,700000
2630000,19629999,1700000
2720000,19540001,4700000
2720000,21700001,6700000
2720000,24049999,6700000
2720000,25930000,5700000
2720000,28090000,3700000
2820000,19910000,5700000
2820000,29780001,700000
2910000,27330000,4700000
3010000,19160000,3700000
3010000,19260000,2700000
3190000,29209999,2700000
3380000,29680000,1700000
3570000,20480000,6700000
3660000,25639999,6700000
4130000,18690001,700000
4130000,22360001,7700000
4130000,23860001,7700000
4320000,18500000,1700000
4320000,27520000,5700000
4320000,28459999,4700000
4320000,29120001,3700000
4510000,29780001,700000
4600000,29590000,2700000
4600000,29680000,1700000
4700000,18879999,5700000
4790000,18500000,4700000
4790000,21320000,7700000
4880000,24889999,7700000
5070000,18219999,3700000
5070000,19730000,6700000
5260000,18219999,2700000
5350000,26580000,6700000
5730000,29590000,1700000
6010000,29780001,700000
6290000,20760000,7700000
6290000,28930000,4700000
6580000,29309999,2700000
6670000,18219999,2700000
6760000,28370001,5700000
7330000,18969999,5700000
7510000,18219999,3700000
7700000,18500000,4700000
7980000,29309999,3700000
8170000,29959999,1700000
8360000,19160000,5700000
8360000,20379999,7700000
8450000,25740000,7700000
9020000,29870001,2700000
9210000,17570000,700000
9390000,19820000,6700000
9580000,17660000,1700000
9580000,17940001,2700000
9960000,29400000,4700000
10050000,20850000,7700000
10520000,18500000,4700000
10520000,23389999,8700000
10610000,29780001,3700000
10710000,23010000,8700000
10710000,28090000,6700000
11180000,17750000,2700000
11270000,18040001,3700000
11740000,17000000,1700000
11840000,20950001,7700000
11930000,19629999,6700000
11930000,22540001,8700000
12210000,18790001,5700000
12310000,21790001,700000
12310000,24420000,700000
12490000,25740000,8700000
12590000,22260000,1700000
12590000,23299999,1700000
12960000,25080000,1700000
13060000,23670000,2700000
13150000,18040001,4700000
13150000,22360001,2700000
13240000,15780000,700000
13620000,20760000,7700000
13620000,29400000,5700000
13710000,23770000,3700000
13810000,17280001,3700000
13810000,20100000,1700000
13810000,22450001,3700000
13810000,26490000,700000
13900000,19260000,700000
14000000,19910000,1700000
14000000,25549999,2700000
14370000,24330000,9700000
14470000,30059999,4700000
14650000,18129999,6700000
14650000,23110001,9700000
14650000,23299999,4700000
14650000,27799999,7700000
14750000,20570000,3700000
14750000,21420000,8700000
14750000,21790001,4700000
14750000,25360001,3700000
14840000,19540001,2700000
15030000,20570000,24500000
15030000,24520000,4700000
15030000,26959999,1700000
15030000,30430000,3700000
15030000,30809999,700000
15120000,18219999,1700000
15120000,21700001,24500000
15120000,25549999,9700000
15220000,27049999,8700000
15310000,27240000,700000
15410000,19910000,26500000
15410000,19910000,27000000
15500000,19629999,27500000
15500000,19910000,26000000
15500000,21980000,24500000
15500000,22170000,5700000
15500000,22170000,24000000
15500000,22830000,5700000
15590000,17280001,700000
15590000,17940001,6700000
15590000,19629999,24000000
15590000,19730000,28000000
15590000,20100000,25500000
15590000,21420000,23000000
15590000,21420000,23500000
15590000,21420000,24000000
15690000,19160000,25000000
15690000,19440001,28500000
15690000,20100000,29000000
15690000,20850000,25000000
15690000,21790001,26000000
15690000,21790001,28000000
15690000,21790001,28500000
15690000,21980000,27500000
15690000,22070000,26500000
15780000,21230000,22500000
15780000,21420000,22000000
15780000,21790001,22500000
15780000,22170000,23500000
15780000,22360001,27000000
15780000,30809999,1700000
15870000,18790001,24500000
15870000,19440001,23500000
15870000,19629999,19500000
15870000,19730000,29500000
15870000,20010000,3700000
15870000,20670000,23000000
15870000,21040001,24500000
15870000,21510000,21500000
15870000,21600000,29500000
15870000,22070000,24000000
15870000,22170000,23000000
15870000,22170000,29000000
15870000,22450001,23500000
15970000,16910000,5700000
15970000,18879999,2700000
15970000,20950001,4700000
15970000,21040001,24000000
15970000,21230000,23500000
15970000,22170000,25500000
15970000,26110001,3700000
16059999,15870000,25000000
16059999,18600000,24000000
16059999,19629999,7700000
16059999,20100000,24000000
16059999,20290001,20500000
16059999,20570000,19500000
16059999,21230000,23000000
16059999,21420000,21000000
16059999,22450001,23000000
16160000,18690001,23500000
16160000,20010000,23500000
16160000,20100000,30200001
16160000,20290001,21000000
16160000,20850000,20000000
16160000,22450001,22500000
16160000,27240000,1700000
16250000,15120000,24500000
16250000,15220000,23500000
16250000,15220000,26000000
16250000,15310000,1700000
16250000,15310000,24000000
16250000,16719999,22000000
16250000,16910000,22500000
16250000,17280001,23000000
16250000,18040001,21500000
16250000,18500000,15100000
16250000,18600000,20000000
16250000,18690001,15600000
16250000,19260000,20500000
16250000,21139999,21500000
16250000,21420000,24500000
16250000,21980000,23500000
16250000,22360001,22000000
16250000,30719999,2700000
16340000,14940000,25500000
16340000,15310000,26500000
16340000,15780000,2700000
16340000,15780000,21500000
16340000,16629999,21000000
16340000,16910000,20500000
16340000,17750000,19000000
16340000,18129999,14600000
16340000,18410000,21000000
16340000,18500000,16000000
16340000,18969999,22000000
16340000,19260000,14100000
16340000,19540001,23000000
16340000,19730000,14600000
16340000,19820000,21000000
16340000,21040001,22500000
16340000,21139999,24000000
16340000,21889999,23000000
16340000,22639999,30200001
16440001,15220000,27000000
16440001,17570000,1700000
16440001,18219999,18500000
16440001,18879999,16500000
16440001,18879999,21500000
16440001,19070000,22500000
16440001,19160000,13600000
16440001,19540001,13100000
16440001,20010000,15100000
16440001,20100000,8700000
16440001,21040001,23000000
16440001,21040001,23500000
16440001,21420000,22500000
16440001,21510000,9700000
16440001,21600000,5700000
16440001,21600000,20500000
16440001,22070000,22500000
16440001,22260000,21500000
16530001,14370000,23000000
16530001,15500000,27500000
16530001,15970000,28000000
16530001,16629999,29000000
16530001,17570000,18000000
16530001,17660000,17500000
16530001,17940001,14100000
16530001,18040001,13600000
16530001,18040001,17000000
16530001,18219999,6700000
16530001,20100000,16000000
16530001,20200001,15600000
16530001,20290001,31200001
16530001,20570000,19500000
16530001,21139999,20000000
16530001,21889999,21000000
16530001,22830000,24500000
16530001,26959999,2700000
16629999,13900000,22500000
16629999,15870000,28500000
16629999,16809999,18500000
16629999,17850000,13100000
16629999,18879999,19000000
16629999,19260000,26000000
16629999,19910000,17000000
16629999,20010000,27000000
16629999,20200001,16500000
16629999,20670000,21000000
16629999,20760000,23000000
16629999,21139999,22000000
16629999,21980000,22000000
16629999,22639999,31200001
16629999,23389999,25000000
16629999,26299999,9700000
16719999,13810000,25000000
16719999,15780000,20000000
16719999,17000000,16500000
16719999,19440001,12600000
16719999,19820000,27500000
16719999,20480000,13600000
16719999,21139999,26500000
16719999,24330000,29500000
16719999,24700001,5700000
16719999,25740000,4700000
16809999,13530000,22000000
16809999,15690000,19500000
16809999,16809999,15600000
16809999,16809999,16000000
16809999,18129999,12600000
16809999,19260000,12100000
16809999,19350000,25500000
16809999,19629999,20000000
16809999,19730000,22500000
16809999,20200001,17500000
16809999,20570000,20000000
16809999,21420000,20500000
16809999,22070000,23500000
16910000,16160000,4700000
16910000,16530001,17000000
16910000,17750000,26500000
16910000,18969999,22000000
16910000,19260000,19500000
16910000,20670000,14100000
16910000,20760000,22500000
16910000,21040001,29000000
16910000,21420000,22500000
16910000,21510000,26000000
16910000,21980000,27500000
16910000,23299999,24000000
16910000,24799999,28500000
16910000,27430000,700000
17000000,16250000,18000000
17000000,16340000,17500000
17000000,16629999,15100000
17000000,17940001,12100000
17000000,18969999,28000000
17000000,19260000,28500000
17000000,20200001,23000000
17000000,20570000,25000000
17000000,20760000,21500000
17000000,21320000,22000000
17000000,21510000,29500000
17000000,21700001,23000000
17000000,21980000,28000000
17000000,22070000,28500000
17000000,22360001,27000000
17000000,22450001,6700000
17000000,24799999,28000000
17000000,24990000,29000000
17100000,15690000,3700000
17100000,15970000,30200001
17100000,18219999,25000000
17100000,19260000,11600000
17100000,19910000,18500000
17100000,20480000,21000000
17100000,21040001,13100000
17100000,21320000,21500000
17100000,23480000,23500000
17100000,24420000,26000000
17190001,12490000,24000000
17190001,17660000,27000000
17190001,17940001,11600000
17190001,19160000,29500000
17190001,19350000,3700000
17190001,19350000,21000000
17190001,19540001,20000000
17190001,19910000,22000000
17190001,20670000,18000000
17190001,20850000,12600000
17190001,20850000,32200001
17190001,21600000,30200001
17190001,21980000,22500000
17190001,22639999,26500000
17190001,23200001,23000000
17190001,24700001,30200001
17280001,12770000,21000000
17280001,13340000,20500000
17280001,16440001,14600000
17280001,19350000,9700000
17280001,19350000,10700000
17280001,19629999,19000000
17280001,19730000,30200001
17280001,20480000,20500000
17280001,21139999,14600000
17280001,22260000,25500000
17280001,23770000,10700000
17379999,14180000,29500000
17379999,17660000,29000000
17379999,17750000,1700000
17379999,17940001,29500000
17379999,21040001,21000000
17379999,21139999,17000000
17379999,21420000,24500000
17379999,21889999,22000000
17379999,25270000,27500000
17469999,11650000,23500000
17469999,11930000,21500000
17469999,14560000,700000
17469999,16440001,700000
17469999,16530001,14100000
17469999,16719999,26000000
17469999,18879999,21500000
17469999,21320000,15100000
17469999,21700001,21500000
17469999,21889999,24500000
17469999,22450001,25000000
17469999,23299999,32200001
17469999,23480000,29000000
17469999,28270000,7700000
17570000,12020000,24500000
17570000,15500000,31200001
17570000,15780000,17000000
17570000,16530001,13600000
17570000,17850000,10700000
17570000,20010000,19500000
17570000,20850000,20500000
17570000,21320000,16000000
17570000,23580000,6700000
17570000,23580000,22500000
17570000,24799999,31200001
17570000,29030001,6700000
17660000,11370000,23000000
17660000,13340000,29000000
17660000,16530001,13100000
17660000,16809999,12600000
17660000,18129999,8700000
17660000,18690001,22000000
17660000,19910000,4700000
17660000,20200001,20000000
17660000,21420000,18500000
17660000,21420000,31200001
17660000,23200001,26000000
17660000,23670000,27500000
17660000,23770000,28000000
17660000,23770000,29500000
17750000,14090000,18000000
17750000,14650000,17500000
17750000,16719999,27500000
17750000,17850000,9700000
17750000,21510000,19000000
17750000,21700001,19500000
17750000,21700001,20000000
17750000,23389999,22000000
17750000,23950001,28500000
17750000,27520000,8700000
17850000,10990000,22500000
17850000,17850000,7700000
17850000,21510000,15600000
17850000,21510000,17500000
17850000,26110001,3700000
17940001,10900000,22000000
17940001,12590000,19000000
17940001,15500000,16500000
17940001,16440001,5700000
17940001,16719999,12100000
17940001,19070000,22000000
17940001,20480000,5700000
17940001,20570000,24500000
17940001,21510000,6700000
17940001,21980000,12100000
17940001,23299999,21500000
17940001,23770000,30200001
17940001,23950001,27000000
17940001,25740000,4700000
17940001,25930000,27000000
17940001,26770000,2700000
18040001,11740000,20000000
18040001,14370000,17000000
18040001,16250000,25500000
18040001,18690001,31200001
18040001,21600000,16500000
18040001,21700001,14100000
18040001,21790001,13600000
18040001,24889999,5700000
18040001,25549999,25500000
18040001,25930000,26500000
18040001,26680000,1700000
18129999,11180000,20500000
18129999,11650000,27500000
18129999,11840000,28000000
18129999,11930000,19500000
18129999,12120000,28500000
18129999,13240000,30200001
18129999,15220000,32200001
18129999,20850000,24000000
18129999,21889999,33200001
18129999,21980000,24000000
18129999,23010000,11600000
18129999,23010000,20500000
18219999,15690000,29000000
18219999,16059999,29500000
18219999,16629999,11600000
18219999,25270000,24000000
18219999,25459999,24500000
18219999,27049999,700000
18320000,12120000,18500000
18320000,15310000,16000000
18320000,15410000,27000000
18320000,23480000,31200001
18320000,23580000,21000000
18320000,24049999,6700000
18320000,24889999,23000000
18320000,25080000,10700000
18320000,25170000,23500000
18410000,10710000,24000000
18410000,15780000,28000000
18410000,17280001,33200001
18410000,21889999,18000000
18410000,26490000,29500000
18500000,13240000,31200001
18500000,19540001,5700000
18500000,19540001,32200001
18500000,22360001,23500000
18500000,25930000,25000000
18500000,26490000,28000000
18600000,10330000,21000000
18600000,10900000,26000000
18600000,17379999,1700000
18600000,20760000,6700000
18600000,21700001,17000000
18600000,21790001,14600000
18600000,22920000,19500000
18600000,30430000,3700000
18690001,10240000,23500000
18690001,10800000,25000000
18690001,10800000,25500000
18690001,12210000,17500000
18690001,14000000,29500000
18690001,14470000,28500000
18690001,14560000,30200001
18690001,14840000,26000000
18690001,15120000,15600000
18690001,15220000,25000000
18690001,16530001,10700000
18690001,21510000,23500000
18690001,21700001,15100000
18690001,22170000,32200001
18690001,23389999,20000000
18690001,24990000,22500000
18690001,26400000,26000000
18790001,9960000,21500000
18790001,10330000,26500000
18790001,10520000,27000000
18790001,15120000,31200001
18790001,15220000,27500000
18790001,17940001,2700000
18790001,18790001,4700000
18790001,21700001,16000000
18790001,22260000,18500000
18790001,24139999,33200001
18790001,29590000,5700000
18879999,12490000,16500000
18879999,13150000,16000000
18879999,13340000,29000000
18879999,13620000,28500000
18879999,14470000,27000000
18879999,18219999,3700000
18879999,22639999,19000000
18879999,30059999,4700000
18969999,10800000,19000000
18969999,11460000,29500000
18969999,20200001,6700000
18969999,21139999,22500000
18969999,22639999,13100000
18969999,24990000,26500000
18969999,25459999,29000000
18969999,25930000,32200001
18969999,26770000,30200001
19070000,9680000,22000000
19070000,9860000,23000000
19070000,11080000,29000000
19070000,14280000,26500000
19070000,14940000,2700000
19070000,16809999,6700000
19070000,22920000,12600000
19160000,10330000,24500000
19160000,10710000,28500000
19160000,13340000,15600000
19160000,14750000,33200001
19160000,14840000,25500000
19160000,14940000,15100000
19160000,16340000,9700000
19160000,21889999,17500000
19160000,23670000,32200001
19160000,25080000,22000000
19160000,25459999,29500000
19160000,26770000,31200001
19160000,26860001,9700000
19260000,9580000,22500000
19260000,10990000,25500000
19260000,10990000,26000000
19260000,11460000,17000000
19260000,15220000,14600000
19260000,19070000,5700000
19260000,20570000,22500000
19350000,13530000,27000000
19350000,14090000,28000000
19350000,15310000,32200001
19350000,18600000,34200001
19350000,21600000,22500000
19350000,22070000,23000000
19350000,22639999,23000000
19350000,23670000,12100000
19350000,24420000,24500000
19440001,12960000,32200001
19440001,19910000,6700000
19440001,21320000,22000000
19440001,24139999,24000000
19440001,24330000,11600000
19540001,10430000,25500000
19540001,13240000,28500000
19540001,14650000,25000000
19540001,16250000,8700000
19540001,19820000,24500000
19540001,25170000,21500000
19540001,25459999,30200001
19540001,27430000,29000000
19629999,10240000,26500000
19629999,10330000,18000000
19629999,10430000,26000000
19629999,14180000,26000000
19629999,15220000,14100000
19629999,18040001,2700000
19629999,18410000,3700000
19629999,20850000,23000000
19629999,21040001,22000000
19629999,23010000,34200001
19629999,25830000,28500000
19629999,27520000,28500000
19629999,30530001,2700000
19730000,9580000,19000000
19730000,9960000,26500000
19730000,10240000,28000000
19730000,10430000,26500000
19730000,12960000,15100000
19730000,13810000,27000000
19730000,14470000,27500000
19730000,17000000,700000
19730000,22920000,22500000
19730000,25830000,28000000
19730000,27430000,29500000
19820000,9960000,27500000
19820000,13710000,28000000
19820000,14470000,1700000
19820000,15220000,13600000
19820000,23480000,6700000
19820000,24990000,20500000
19820000,25270000,31200001
19820000,25830000,27000000
19820000,27620001,28000000
19910000,9860000,25500000
19910000,9860000,26000000
19910000,10900000,26000000
19910000,10990000,15600000
19910000,11080000,30200001
19910000,15220000,13100000
19910000,15690000,34200001
19910000,19540001,33200001
19910000,23950001,5700000
19910000,25270000,25000000
19910000,26020000,27500000
20010000,9300000,18500000
20010000,9490000,26500000
20010000,15410000,12600000
20010000,15500000,4700000
20010000,18969999,4700000
20010000,20850000,24000000
20010000,22450001,21500000
20010000,22730000,13600000
20010000,22830000,6700000
20010000,27709999,27500000
20100000,9580000,27000000
20100000,9860000,25000000
20100000,12210000,30200001
20100000,17190001,33200001
20100000,20670000,23000000
20100000,21889999,16500000
20200001,8830000,19000000
20200001,8830000,19500000
20200001,10140000,16000000
20200001,10800000,25500000
20200001,14000000,26500000
20200001,14090000,26000000
20200001,15030000,3700000
20200001,16059999,7700000
20200001,21889999,16000000
20200001,23389999,22000000
20200001,24520000,4700000
20290001,11650000,29500000
20290001,13620000,14600000
20290001,20570000,22500000
20290001,21420000,21500000
20290001,22070000,17000000
20290001,22450001,18000000
20290001,24230000,23000000
20290001,25639999,25500000
20290001,25930000,26000000
20379999,10240000,15100000
20379999,12680000,31200001
20379999,14090000,27000000
20379999,15410000,11600000
20379999,16160000,6700000
20379999,23010000,18500000
20379999,24049999,22500000
20379999,24610001,23500000
20379999,25639999,21000000
20379999,26209999,33200001
20379999,26959999,32200001
20379999,27990000,27000000
20379999,30620001,1700000
20480000,9020000,21500000
20480000,9680000,24000000
20480000,9860000,26500000
20480000,10520000,26000000
20480000,10800000,26000000
20480000,13060000,33200001
20480000,14180000,25500000
20480000,15220000,12100000
20480000,18600000,1700000
20480000,21889999,33200001
20480000,21980000,15600000
20480000,26860001,24000000
20480000,27049999,24500000
20570000,8360000,20000000
20570000,10240000,25500000
20570000,10330000,25500000
20570000,13060000,28500000
20570000,20379999,22000000
20570000,22070000,15100000
20570000,24889999,1700000
20570000,25930000,21500000
20570000,30620001,700000
20670000,8450000,20500000
20670000,9390000,16500000
20670000,11080000,14600000
20670000,11080000,31200001
20670000,14180000,700000
20670000,18790001,700000
20670000,19260000,5700000
20670000,19730000,6700000
20670000,24230000,3700000
20670000,24990000,700000
20670000,27620001,25500000
20760000,8920000,17500000
20760000,9300000,23500000
20760000,9860000,26000000
20760000,9960000,29500000
20760000,10050000,26500000
20760000,14370000,25000000
20760000,21889999,21000000
20760000,24610001,2700000
20760000,25270000,32200001
20850000,11550000,29000000
20850000,13240000,32200001
20850000,13530000,28000000
20850000,15120000,33200001
20850000,15870000,5700000
20850000,19160000,2700000
20850000,19260000,1700000
20850000,19820000,24500000
20850000,20670000,22000000
20850000,22170000,21000000
20850000,22260000,14600000
20850000,24990000,34200001
20850000,28180000,26500000
20950001,9770000,29000000
20950001,14180000,34200001
20950001,14470000,26000000
20950001,15310000,10700000
20950001,17570000,22000000
20950001,17850000,1700000
20950001,18969999,3700000
20950001,19730000,23000000
20950001,20200001,22500000
20950001,21040001,21500000
20950001,21420000,21000000
21040001,8450000,21000000
21040001,8830000,17000000
21040001,9580000,14600000
21040001,15030000,27000000
21040001,20100000,23500000
21040001,20290001,24000000
21040001,20950001,21500000
21040001,21980000,21000000
21040001,23950001,19000000
21040001,23950001,21500000
21040001,24049999,12600000
21139999,8920000,15600000
21139999,9960000,27500000
21139999,13340000,14100000
21139999,17190001,22000000
21139999,19629999,700000
21139999,23200001,21000000
21230000,8360000,18500000
21230000,11550000,32200001
21230000,12120000,28500000
21230000,14560000,25000000
21230000,18129999,22000000
21230000,21320000,6700000
21230000,26400000,22000000
21320000,8740000,22000000
21320000,14180000,12600000
21320000,19070000,25000000
21320000,20010000,6700000
21320000,25830000,20500000
21320000,26680000,22500000
21420000,8830000,22500000
21420000,11550000,30200001
21420000,17940001,700000
21420000,18790001,34200001
21420000,19540001,24000000
21420000,26959999,23000000
21510000,13900000,27500000
21510000,15410000,22000000
21510000,16719999,22500000
21510000,22450001,5700000
21510000,22830000,4700000
21510000,23480000,33200001
21600000,7420000,19500000
21600000,14750000,22500000
21600000,14840000,21500000
21600000,15310000,8700000
21600000,16629999,21500000
21600000,17280001,34200001
21600000,18320000,25000000
21600000,19440001,24000000
21600000,22730000,14100000
21600000,22920000,3700000
21600000,26860001,28000000
21600000,26860001,29500000
21600000,26959999,29000000
21700001,7610000,22500000
21700001,7890000,18000000
21700001,8550000,15100000
21700001,8830000,23000000
21700001,9580000,28500000
21700001,9960000,14100000
21700001,15410000,23500000
21700001,16719999,23500000
21700001,19260000,25000000
21700001,19629999,24500000
21700001,20010000,24500000
21700001,26959999,28500000
21700001,27330000,23500000
21790001,10050000,30200001
21790001,11840000,31200001
21790001,14470000,24000000
21790001,15220000,22000000
21790001,19160000,2700000
21790001,20100000,700000
21790001,20200001,23000000
21790001,25830000,24000000
21790001,28090000,25000000
21790001,28559999,26000000
21889999,7700000,22000000
21889999,8740000,23500000
21889999,9390000,24500000
21889999,9580000,25000000
21889999,9860000,26000000
21889999,9860000,27000000
21889999,11180000,29000000
21889999,14000000,21500000
21889999,14180000,33200001
21889999,14940000,2700000
21889999,15410000,24500000
21889999,17000000,700000
21889999,18969999,3700000
21889999,19160000,4700000
21889999,19440001,5700000
21889999,19440001,23500000
21889999,19440001,24000000
21889999,23860001,21000000
21889999,25740000,20000000
21889999,26770000,30200001
21889999,26959999,26500000
21980000,7700000,23000000
21980000,8170000,16000000
21980000,8920000,24000000
21980000,9770000,25500000
21980000,11270000,28500000
21980000,13150000,13100000
21980000,15030000,24000000
21980000,15590000,26000000
21980000,16809999,23000000
21980000,17570000,25000000
21980000,18690001,24500000
21980000,19350000,2700000
21980000,19730000,24000000
21980000,20670000,22000000
21980000,24230000,21500000
21980000,26400000,10700000
21980000,27900000,24500000
22070000,7510000,18500000
22070000,9860000,26500000
22070000,11180000,14100000
22070000,11460000,28500000
22070000,12770000,13600000
22070000,15220000,25500000
22070000,15410000,24000000
22070000,18219999,22500000
22070000,18879999,24500000
22070000,19629999,1700000
22070000,19730000,34200001
22070000,21139999,21000000
22070000,22639999,1700000
22070000,23200001,13600000
22170000,7420000,22500000
22170000,8920000,14100000
22170000,14000000,22000000
22170000,14090000,23500000
22170000,14180000,27000000
22170000,14370000,24000000
22170000,15120000,8700000
22170000,16340000,24000000
22170000,18600000,25500000
22170000,20290001,23000000
22170000,21139999,34200001
22170000,25549999,23000000
22170000,27049999,33200001
22170000,27709999,24000000
22170000,28370001,25500000
22260000,14650000,23000000
22260000,14750000,22000000
22260000,15690000,6700000
22260000,15970000,25000000
22260000,18790001,25500000
22260000,19260000,3700000
22260000,19260000,4700000
22260000,19629999,23500000
22260000,20100000,25000000
22260000,22260000,2700000
22260000,25080000,12100000
22260000,25930000,23500000
22360001,6950000,20000000
22360001,7610000,23500000
22360001,7980000,22500000
22360001,11930000,33200001
22360001,16250000,34200001
22360001,17940001,21500000
22360001,18600000,22000000
22360001,18600000,25000000
22360001,18690001,25500000
22360001,18879999,25500000
22360001,19910000,25000000
22360001,24610001,1700000
22360001,25270000,22500000
22360001,25459999,1700000
22360001,25459999,19500000
22360001,25830000,34200001
22360001,28090000,31200001
22360001,28270000,30200001
22450001,7050000,20500000
22450001,7330000,19000000
22450001,7890000,16500000
22450001,7980000,22000000
22450001,8170000,14600000
22450001,9580000,29500000
22450001,14000000,24500000
22450001,14470000,23000000
22450001,19160000,25000000
22450001,21600000,700000
22450001,23110001,17000000
22450001,24799999,700000
22450001,25360001,700000
22450001,25930000,32200001
22450001,27150000,26000000
22540001,7610000,17000000
22540001,11180000,29500000
22540001,16629999,24500000
22540001,17000000,25000000
22540001,19260000,20000000
22540001,20480000,5700000
22540001,23770000,18000000
22540001,24990000,22000000
22540001,25930000,700000
22540001,26959999,25500000
22540001,27799999,32200001
22540001,28559999,29500000
22639999,14750000,22000000
22639999,15780000,4700000
22639999,17660000,23000000
22639999,17940001,25000000
22639999,19350000,13100000
22639999,19730000,11600000
22639999,20290001,22500000
22639999,20760000,21500000
22639999,20760000,25500000
22639999,21700001,1700000
22639999,23010000,16500000
22639999,24049999,3700000
22639999,24230000,33200001
22639999,24700001,2700000
22639999,24889999,19000000
22639999,24990000,700000
22639999,25830000,11600000
22639999,26580000,31200001
22730000,13710000,10700000
22730000,14000000,24500000
22730000,14180000,21500000
22730000,17190001,24500000
22730000,17750000,23500000
22730000,18129999,4700000
22730000,19629999,19500000
22730000,19910000,20500000
22730000,20480000,22000000
22730000,20760000,25500000
22730000,22920000,15100000
22730000,23480000,17500000
22730000,24330000,18500000
22730000,26680000,24500000
22730000,26959999,25000000
22730000,28840000,26500000
22830000,6480000,23000000
22830000,7140000,17500000
22830000,7610000,22000000
22830000,7700000,15600000
22830000,10430000,31200001
22830000,12680000,12100000
22830000,12680000,12600000
22830000,13900000,24000000
22830000,14560000,23500000
22830000,15310000,7700000
22830000,17940001,24500000
22830000,19070000,22500000
22830000,19160000,14100000
22830000,19540001,700000
22830000,19540001,12600000
22830000,19540001,23500000
22830000,20100000,22500000
22830000,20200001,9700000
22830000,20670000,9700000
22830000,20850000,22000000
22830000,21139999,4700000
22830000,23010000,14600000
22830000,23389999,5700000
22830000,25639999,1700000
22830000,28740000,29000000
22830000,28840000,28000000
22830000,28840000,28500000
22830000,28930000,27000000
22920000,6480000,23500000
22920000,7050000,21000000
22920000,7230000,21500000
22920000,7230000,24000000
22920000,8640000,25000000
22920000,11460000,28000000
22920000,12400000,32200001
22920000,15030000,22500000
22920000,17190001,24000000
22920000,17190001,26000000
22920000,18879999,15100000
22920000,18969999,15600000
22920000,19070000,13100000
22920000,19160000,1700000
22920000,19160000,14600000
22920000,19440001,12100000
22920000,19440001,22000000
22920000,19540001,22000000
22920000,19730000,21500000
22920000,20010000,21000000
22920000,20290001,10700000
22920000,20480000,4700000
22920000,20480000,21500000
22920000,21320000,2700000
22920000,21510000,3700000
22920000,21889999,7700000
22920000,23010000,16000000
22920000,23480000,4700000
22920000,23670000,3700000
22920000,23770000,21000000
22920000,24889999,21500000
22920000,28930000,27500000
23010000,9490000,27500000
23010000,11840000,27000000
23010000,13060000,34200001
23010000,15500000,3700000
23010000,16059999,23000000
23010000,16719999,26000000
23010000,17190001,25500000
23010000,17940001,25500000
23010000,18320000,24000000
23010000,18500000,17000000
23010000,18600000,19500000
23010000,18690001,17500000
23010000,18790001,14600000
23010000,18790001,19000000
23010000,18879999,16000000
23010000,18969999,20000000
23010000,19070000,13600000
23010000,19440001,11600000
23010000,19440001,23000000
23010000,20290001,22500000
23010000,20950001,22000000
23010000,22920000,5700000
23010000,23010000,15600000
23010000,23950001,5700000
23010000,26110001,24000000
23010000,26770000,21500000
23010000,27330000,27000000
23110001,6390000,22500000
23110001,12680000,11600000
23110001,18600000,15100000
23110001,18969999,18000000
23110001,19540001,19000000
23110001,19910000,20000000
23110001,22540001,6700000
23110001,24139999,2700000
23110001,26209999,700000
23110001,27330000,27500000
23200001,7510000,22500000
23200001,7610000,24500000
23200001,12400000,13100000
23200001,14280000,9700000
23200001,16809999,19500000
23200001,17000000,19500000
23200001,18129999,18500000
23200001,18500000,20500000
23200001,18600000,15600000
23200001,18600000,16000000
23200001,18600000,16500000
23200001,18790001,2700000
23200001,18969999,16500000
23200001,19070000,12600000
23200001,19160000,22000000
23200001,19260000,22500000
23200001,20010000,9700000
23200001,20010000,12100000
23200001,20200001,19500000
23200001,20850000,21000000
23200001,20850000,22000000
23200001,21139999,8700000
23200001,21230000,24500000
23200001,21420000,24500000
23200001,21600000,8700000
23200001,21889999,23000000
23200001,23110001,6700000
23200001,23299999,4700000
23200001,24330000,700000
23200001,24420000,1700000
23200001,25270000,2700000
23200001,26580000,21000000
23200001,27150000,28500000
23299999,6670000,18000000
23299999,7610000,15100000
23299999,8830000,25500000
23299999,8920000,22500000
23299999,11370000,30200001
23299999,11460000,27500000
23299999,12020000,13600000
23299999,15410000,22000000
23299999,16629999,19500000
23299999,16809999,26500000
23299999,17379999,19500000
23299999,17940001,24500000
23299999,18219999,3700000
23299999,18790001,14100000
23299999,18969999,18500000
23299999,20950001,3700000
23299999,21139999,23500000
23299999,22260000,34200001
23299999,23860001,13100000
23299999,25270000,3700000
23299999,29780001,1700000
23389999,6760000,18500000
23389999,6760000,19500000
23389999,8360000,14100000
23389999,11740000,31200001
23389999,15410000,21500000
23389999,15870000,22500000
23389999,18219999,24000000
23389999,19160000,17000000
23389999,20480000,4700000
23389999,20950001,10700000
23389999,21139999,7700000
23389999,21139999,25500000
23389999,24610001,4700000
23389999,26400000,20500000
23480000,10990000,32200001
23480000,11270000,28500000
23480000,11270000,29000000
23480000,11650000,27000000
23480000,13240000,10700000
23480000,13810000,33200001
23480000,17660000,24500000
23480000,17850000,4700000
23480000,18129999,20000000
23480000,18600000,19000000
23480000,18690001,21500000
23480000,18969999,21000000
23480000,19350000,17500000
23480000,21320000,9700000
23480000,21420000,25000000
23480000,21510000,25500000
23480000,21600000,700000
23480000,23010000,7700000
23480000,25270000,3700000
23480000,25740000,1700000
23480000,29309999,3700000
23480000,29500000,2700000
23480000,29870001,700000
23580000,6110000,23000000
23580000,6760000,22000000
23580000,6760000,24000000
23580000,9210000,26500000
23580000,9300000,27000000
23580000,9390000,28000000
23580000,12020000,27500000
23580000,12490000,27000000
23580000,16250000,19500000
23580000,17000000,19500000
23580000,17469999,25000000
23580000,17660000,23000000
23580000,19629999,10700000
23580000,20670000,20500000
23580000,22830000,5700000
23580000,22920000,21000000
23580000,24520000,5700000
23580000,24889999,700000
23580000,25270000,2700000
23580000,27330000,26500000
23670000,7510000,16000000
23670000,11370000,29500000
23670000,12590000,32200001
23670000,14840000,8700000
23670000,17100000,20000000
23670000,18500000,23000000
23670000,18500000,23500000
23670000,19260000,12100000
23670000,19540001,1700000
23670000,19540001,16000000
23670000,20290001,13100000
23670000,21230000,22000000
23670000,21230000,25000000
23670000,22070000,6700000
23670000,22730000,24000000
23670000,23389999,21000000
23670000,27150000,9700000
23770000,8920000,26000000
23770000,16340000,20000000
23770000,16340000,34200001
23770000,16719999,20500000
23770000,18969999,2700000
23770000,19629999,15600000
23770000,19730000,18500000
23770000,21040001,2700000
23770000,21320000,1700000
23770000,21420000,21000000
23770000,22260000,8700000
23770000,22730000,24000000
23770000,23480000,6700000
23770000,23860001,2700000
23770000,24610001,21500000
23770000,25639999,23000000
23860001,6290000,23500000
23860001,6580000,20000000
23860001,6760000,20500000
23860001,6860000,24000000
23860001,8080000,25000000
23860001,8270000,22500000
23860001,8640000,25500000
23860001,11650000,27000000
23860001,12310000,27000000
23860001,12770000,11600000
23860001,15590000,21500000
23860001,16059999,20500000
23860001,18410000,20000000
23860001,18600000,15600000
23860001,19260000,12100000
23860001,19910000,9700000
23860001,20379999,700000
23860001,21889999,6700000
23860001,22730000,23000000
23860001,23299999,14100000
23860001,24049999,13100000
23860001,24990000,700000
23860001,25080000,700000
23860001,25360001,700000
23860001,25459999,1700000
23860001,25459999,22500000
23860001,29120001,4700000
23950001,6290000,22500000
23950001,7140000,21500000
23950001,7330000,17000000
23950001,7510000,16500000
23950001,11550000,30200001
23950001,16250000,19000000
23950001,16440001,21000000
23950001,16719999,19000000
23950001,17280001,26000000
23950001,18969999,13100000
23950001,19160000,12600000
23950001,20010000,14600000
23950001,20670000,12600000
23950001,21040001,11600000
23950001,23110001,4700000
23950001,24610001,1700000
23950001,25170000,22000000
23950001,25360001,700000
23950001,26110001,20000000
23950001,27330000,22500000
24049999,7610000,24500000
24049999,7800000,14600000
24049999,11460000,27500000
24049999,15870000,20000000
24049999,17280001,24000000
24049999,18219999,22000000
24049999,18600000,3700000
24049999,18790001,14600000
24049999,19730000,18000000
24049999,19910000,15100000
24049999,20379999,13100000
24049999,20379999,19500000
24049999,20570000,1700000
24049999,20570000,3700000
24049999,22170000,21500000
24049999,24139999,2700000
24049999,24990000,700000
24049999,25740000,32200001
24049999,27150000,22000000
24139999,8830000,22500000
24139999,12020000,31200001
24139999,12680000,12100000
24139999,15870000,20500000
24139999,17750000,25000000
24139999,17940001,24000000
24139999,18600000,16000000
24139999,18600000,22500000
24139999,18790001,14100000
24139999,19730000,17000000
24139999,20200001,13600000
24139999,20670000,12100000
24139999,20760000,8700000
24139999,21040001,700000
24139999,22639999,23000000
24139999,24889999,2700000
24139999,26400000,31200001
24139999,28930000,5700000
24230000,7230000,22000000
24230000,10990000,29000000
24230000,15120000,22500000
24230000,15500000,22000000
24230000,15590000,19500000
24230000,18320000,22500000
24230000,18320000,23500000
24230000,18500000,23000000
24230000,19910000,4700000
24230000,21600000,25500000
24230000,22360001,24000000
24230000,23010000,7700000
24230000,23950001,3700000
24230000,24420000,4700000
24230000,26680000,25000000
24230000,26959999,30200001
24230000,27150000,29500000
24330000,10990000,29500000
24330000,11550000,27000000
24330000,12770000,32200001
24330000,16809999,21000000
24330000,17469999,23500000
24330000,17469999,25500000
24330000,18410000,18500000
24330000,18500000,18000000
24330000,18600000,22000000
24330000,18790001,22000000
24330000,20010000,2700000
24330000,20100000,14100000
24330000,21040001,10700000
24330000,21040001,22000000
24330000,21320000,9700000
24330000,21600000,25500000
24330000,21889999,23500000
24330000,23580000,13600000
24330000,23770000,4700000
24330000,27330000,28500000
24330000,28559999,6700000
24420000,7050000,19000000
24420000,7980000,22000000
24420000,9490000,27000000
24420000,9490000,27500000
24420000,11740000,33200001
24420000,12680000,12600000
24420000,14560000,1700000
24420000,15870000,21000000
24420000,16809999,26500000
24420000,18410000,17000000
24420000,18790001,4700000
24420000,18879999,13600000
24420000,19730000,10700000
24420000,19820000,15600000
24420000,20480000,20000000
24420000,22070000,23500000
24420000,22260000,8700000
24420000,22450001,24000000
24420000,23200001,6700000
24420000,23670000,21500000
24420000,23860001,5700000
24420000,24230000,33200001
24420000,24420000,22000000
24420000,27330000,29000000
24520000,6580000,23000000
24520000,9300000,29000000
24520000,10990000,28500000
24520000,15030000,21000000
24520000,17660000,24500000
24520000,18410000,16500000
24520000,18600000,15100000
24520000,19629999,3700000
24520000,19910000,16500000
24520000,20379999,12600000
24520000,22070000,21500000
24520000,24520000,3700000
24520000,26110001,34200001
24520000,27150000,26000000
24610001,6670000,18000000
24610001,7050000,17500000
24610001,7050000,21000000
24610001,11460000,28000000
24610001,12400000,13100000
24610001,14090000,33200001
24610001,18690001,21000000
24610001,18690001,21500000
24610001,19820000,16000000
24610001,20570000,20500000
24610001,20670000,22500000
24610001,20850000,11600000
24610001,20850000,22500000
24610001,21320000,25000000
24610001,21700001,21000000
24610001,22450001,6700000
24610001,23010000,5700000
24610001,23770000,21500000
24610001,24700001,22500000
24610001,26860001,25500000
24610001,27709999,23000000
24610001,28090000,7700000
24700001,6950000,19500000
24700001,7330000,23500000
24700001,8550000,14100000
24700001,9490000,26000000
24700001,9960000,14100000
24700001,15030000,20000000
24700001,15120000,22500000
24700001,15220000,23000000
24700001,15410000,20500000
24700001,16440001,26000000
24700001,18320000,19000000
24700001,19910000,17500000
24700001,21139999,25000000
24700001,21510000,24500000
24700001,25080000,23000000
24700001,26110001,24500000
24700001,27240000,33200001
24799999,7510000,15600000
24799999,9300000,28500000
24799999,13150000,34200001
24799999,14470000,9700000
24799999,17000000,26000000
24799999,18500000,19500000
24799999,19260000,12100000
24799999,19440001,11600000
24799999,19910000,13600000
24799999,19910000,18500000
24799999,20100000,19000000
24799999,20200001,19500000
24799999,21420000,8700000
24799999,21600000,7700000
24799999,22540001,7700000
24799999,22830000,1700000
24799999,24230000,22000000
24799999,24420000,12600000
24799999,25740000,19500000
24799999,27430000,28000000
24889999,6760000,18500000
24889999,7610000,15100000
24889999,7890000,22500000
24889999,9680000,26500000
24889999,11080000,30200001
24889999,11550000,31200001
24889999,11740000,27500000
24889999,12210000,13600000
24889999,14280000,21500000
24889999,14370000,700000
24889999,14370000,21000000
24889999,14750000,21500000
24889999,15220000,19000000
24889999,16910000,19000000
24889999,17750000,21500000
24889999,18320000,20500000
24889999,18410000,17500000
24889999,19070000,12600000
24889999,19540001,17000000
24889999,19820000,18000000
24889999,22170000,2700000
24889999,25270000,23500000
24889999,25639999,24000000
24990000,12490000,27000000
24990000,15780000,26500000
24990000,18790001,21000000
24990000,20010000,13100000
24990000,21510000,24500000
24990000,21889999,3700000
24990000,23860001,18000000
24990000,26020000,11600000
25080000,8920000,24500000
25080000,9210000,25000000
25080000,9490000,25500000
25080000,12490000,32200001
25080000,13900000,24500000
25080000,14470000,23500000
25080000,14940000,2700000
25080000,17000000,24500000
25080000,20010000,10700000
25080000,20480000,10700000
25080000,23010000,2700000
25080000,23389999,17000000
25080000,23950001,13100000
25080000,25080000,19000000
25080000,25740000,32200001
25080000,26580000,10700000
25080000,26770000,24500000
25170000,7230000,22500000
25170000,10430000,31200001
25170000,10610000,14100000
25170000,14090000,10700000
25170000,15410000,19500000
25170000,17750000,25000000
25170000,18690001,22000000
25170000,19350000,15100000
25170000,19629999,12100000
25170000,19629999,12600000
25170000,20850000,3700000
25170000,21139999,25000000
25170000,21700001,21500000
25170000,21700001,24000000
25270000,13710000,21500000
25270000,14280000,23000000
25270000,15220000,3700000
25270000,15500000,4700000
25270000,17190001,20500000
25270000,17379999,20000000
25270000,18320000,20000000
25270000,18600000,16000000
25270000,18600000,22500000
25270000,18690001,14100000
25270000,18879999,13600000
25270000,18969999,13100000
25270000,22540001,34200001
25270000,22639999,1700000
25270000,24330000,700000
25270000,24889999,22000000
25270000,26400000,24000000
25270000,27330000,28500000
25360001,7140000,20500000
25360001,7610000,22000000
25360001,7800000,23000000
25360001,8640000,23500000
25360001,8830000,24000000
25360001,11180000,29000000
25360001,13710000,27000000
25360001,14280000,10700000
25360001,14840000,20000000
25360001,17379999,34200001
25360001,18600000,15100000
25360001,19160000,13600000
25360001,19160000,15600000
25360001,19260000,22500000
25360001,20379999,9700000
25360001,20760000,21000000
25360001,21230000,4700000
25360001,21230000,24000000
25360001,24230000,1700000
25459999,9110000,14100000
25459999,12020000,28000000
25459999,13810000,24000000
25459999,14650000,20500000
25459999,16719999,25500000
25459999,18129999,23000000
25459999,18410000,17000000
25459999,18690001,19500000
25459999,18879999,20500000
25459999,19160000,16000000
25459999,19260000,14600000
25459999,19629999,11600000
25459999,23200001,3700000
25459999,23670000,700000
25459999,27430000,26000000
25459999,27430000,27500000
25549999,7510000,19000000
25549999,8080000,14600000
25549999,8550000,23000000
25549999,11370000,14100000
25549999,15870000,26000000
25549999,16250000,25500000
25549999,16629999,25500000
25549999,17750000,700000
25549999,18320000,16500000
25549999,18320000,25000000
25549999,18410000,18000000
25549999,18600000,15600000
25549999,18879999,15100000
25549999,18969999,14100000
25549999,19160000,24000000
25549999,19260000,17500000
25549999,19629999,19000000
25549999,19629999,19500000
25549999,19820000,20500000
25549999,20010000,20000000
25549999,21040001,22000000
25549999,21139999,23500000
25549999,26580000,31200001
25549999,27990000,32200001
25549999,28370001,31200001
25549999,28559999,30200001
25639999,7800000,22500000
25639999,7980000,21500000
25639999,12960000,27500000
25639999,13900000,21000000
25639999,14090000,23500000
25639999,14180000,24500000
25639999,14470000,22500000
25639999,18129999,25500000
25639999,18219999,18500000
25639999,18600000,14600000
25639999,18790001,16500000
25639999,18790001,17000000
25639999,18969999,20500000
25639999,19070000,18000000
25639999,19160000,18500000
25639999,19160000,21500000
25639999,19350000,13100000
25639999,19540001,21000000
25639999,19730000,23000000
25639999,20670000,4700000
25639999,28930000,29500000
25639999,29120001,28500000
25639999,29209999,28000000
25740000,7140000,20000000
25740000,9490000,26500000
25740000,9860000,30200001
25740000,11080000,32200001
25740000,11180000,29500000
25740000,15220000,25000000
25740000,16160000,24500000
25740000,16629999,19500000
25740000,18410000,24500000
25740000,19730000,23500000
25740000,20200001,24000000
25740000,20760000,22000000
25740000,21600000,23000000
25740000,23110001,15100000
25740000,23110001,16000000
25740000,23200001,16500000
25740000,26299999,23500000
25740000,28370001,24000000
25740000,28559999,24500000
25740000,29209999,27500000
25740000,29309999,27000000
25830000,8360000,22000000
25830000,8550000,22500000
25830000,9490000,25500000
25830000,9490000,27000000
25830000,13900000,22000000
25830000,15310000,25500000
25830000,15970000,25000000
25830000,16629999,24000000
25830000,16910000,20500000
25830000,17190001,20000000
25830000,18129999,25000000
25830000,18600000,19000000
25830000,18690001,17500000
25830000,19070000,23000000
25830000,19540001,3700000
25830000,19820000,22000000
25830000,20010000,21500000
25830000,20010000,23000000
25830000,20480000,5700000
25830000,22170000,5700000
25830000,23200001,14600000
25830000,27430000,25000000
25830000,28180000,23500000
25830000,29030001,29000000
25830000,29120001,26000000
25830000,29209999,26500000
25930000,7890000,16000000
25930000,14180000,11600000
25930000,14280000,23000000
25930000,15590000,5700000
25930000,20200001,24000000
25930000,20290001,3700000
25930000,20379999,22000000
25930000,20570000,25500000
25930000,20670000,22000000
25930000,22830000,4700000
25930000,25360001,700000
25930000,27240000,24500000
25930000,27330000,25500000
26020000,14370000,23500000
26020000,14750000,25000000
26020000,15590000,6700000
26020000,15780000,19500000
26020000,16719999,19000000
26020000,19350000,2700000
26020000,20010000,22500000
26020000,20200001,25000000
26020000,20850000,23000000
26020000,21790001,23000000
26020000,22730000,1700000
26020000,24420000,2700000
26020000,26770000,24000000
26020000,27520000,27000000
26020000,28840000,25000000
26020000,28930000,25500000
26110001,8080000,17000000
26110001,12960000,28000000
26110001,13810000,12600000
26110001,14940000,24500000
26110001,15220000,24000000
26110001,15410000,7700000
26110001,18410000,21500000
26110001,19070000,24000000
26110001,19260000,20000000
26110001,19440001,24000000
26110001,19910000,4700000
26110001,20670000,2700000
26110001,23480000,17500000
26110001,24330000,18500000
26110001,25459999,22500000
26110001,26959999,30200001
26209999,8170000,16500000
26209999,9490000,29500000
26209999,14090000,12100000
26209999,16440001,19000000
26209999,17190001,21000000
26209999,18129999,25500000
26209999,18410000,25500000
26209999,19260000,700000
26209999,19260000,1700000
26209999,20010000,23000000
26209999,20200001,22500000
26209999,20290001,25000000
26209999,20480000,25500000
26209999,25930000,23000000
26299999,8170000,15600000
26299999,8830000,23000000
26299999,10050000,26000000
26299999,13530000,21500000
26299999,13530000,27500000
26299999,14370000,27000000
26299999,14940000,24000000
26299999,14940000,33200001
26299999,15410000,19000000
26299999,16340000,24000000
26299999,16910000,25000000
26299999,17570000,700000
26299999,17660000,25500000
26299999,18790001,25500000
26299999,21139999,34200001
26299999,23389999,700000
26299999,25080000,12100000
26299999,25270000,22000000
26299999,26580000,20500000
26400000,7800000,19500000
26400000,8270000,15100000
26400000,12870000,32200001
26400000,14090000,21000000
26400000,14560000,26000000
26400000,14650000,25000000
26400000,18129999,23500000
26400000,19540001,25500000
26400000,19820000,23500000
26400000,20670000,24500000
26400000,27049999,21500000
26490000,8920000,23500000
26490000,9490000,27500000
26490000,9960000,26500000
26490000,10140000,25500000
26490000,15120000,33200001
26490000,18600000,34200001
26490000,19160000,24000000
26490000,19260000,22500000
26490000,20100000,23000000
26490000,20760000,24500000
26490000,26110001,20000000
26490000,26400000,23500000
26580000,8270000,18000000
26580000,8360000,17500000
26580000,9490000,25000000
26580000,10330000,26000000
26580000,10990000,29000000
26580000,13530000,13600000
26580000,15120000,20500000
26580000,15310000,20000000
26580000,16250000,20000000
26580000,19070000,3700000
26580000,19350000,25500000
26580000,20379999,1700000
26580000,20379999,22000000
26580000,20670000,6700000
26580000,22170000,1700000
26580000,23770000,33200001
26580000,24700001,3700000
26580000,26770000,21000000
26580000,27150000,29500000
26680000,9210000,14600000
26680000,9390000,24500000
26680000,9960000,14600000
26680000,14090000,34200001
26680000,14280000,22500000
26680000,14280000,25000000
26680000,15780000,20500000
26680000,16440001,23500000
26680000,18500000,1700000
26680000,22639999,700000
26680000,23010000,15600000
26680000,25740000,1700000
26680000,27150000,28000000
26680000,27430000,26000000
26680000,27520000,22500000
26680000,27520000,26500000
26770000,9580000,29000000
26770000,10990000,29500000
26770000,11370000,28500000
26770000,12020000,31200001
26770000,12490000,33200001
26770000,14090000,25500000
26770000,17000000,23500000
26770000,17750000,23500000
26770000,19350000,4700000
26770000,20010000,22000000
26770000,25549999,34200001
26860001,8170000,19000000
26860001,9680000,26500000
26860001,14090000,22000000
26860001,15590000,23500000
26860001,20010000,23000000
26860001,20200001,24500000
26959999,12310000,14600000
26959999,13430000,32200001
26959999,13530000,14100000
26959999,18690001,2700000
26959999,18790001,24500000
26959999,19260000,23500000
26959999,21889999,6700000
26959999,24330000,4700000
26959999,25270000,11600000
27049999,8740000,22500000
27049999,9770000,25500000
27049999,10330000,26000000
27049999,13900000,13600000
27049999,14000000,13100000
27049999,17660000,700000
27049999,19629999,23000000
27049999,19910000,24500000
27049999,20010000,24500000
27049999,25830000,32200001
27049999,27709999,23000000
27049999,30430000,700000
27150000,10520000,25500000
27150000,11650000,30200001
27150000,14000000,26500000
27150000,14000000,27000000
27150000,20010000,22000000
27150000,20200001,6700000
27150000,23950001,5700000
27150000,23950001,13100000
27240000,9490000,15100000
27240000,9680000,26000000
27240000,9770000,28500000
27240000,17850000,21000000
27240000,19629999,5700000
27240000,19820000,24000000
27240000,23480000,18000000
27240000,25360001,19500000
27240000,26400000,31200001
27240000,26860001,9700000
27240000,27150000,22000000
27330000,9210000,26500000
27330000,9300000,27000000
27330000,9490000,26000000
27330000,10330000,26000000
27330000,11840000,30200001
27330000,12020000,28500000
27330000,15120000,9700000
27330000,15500000,21000000
27330000,23110001,14100000
27330000,24610001,19000000
27330000,27430000,8700000
27430000,9770000,28000000
27430000,9860000,25500000
27430000,11840000,32200001
27430000,16250000,23000000
27430000,18320000,1700000
27430000,19350000,4700000
27430000,26770000,33200001
27520000,9490000,25500000
27520000,9580000,15600000
27520000,11180000,31200001
27520000,12770000,31200001
27520000,13900000,26000000
27520000,16160000,21000000
27520000,16719999,23000000
27520000,17000000,33200001
27520000,19730000,23500000
27520000,19820000,21500000
27520000,19820000,24500000
27520000,25170000,22500000
27520000,27049999,28500000
27620001,9770000,26500000
27620001,9960000,26000000
27620001,10710000,30200001
27620001,13710000,27500000
27620001,14560000,21500000
27620001,14560000,25000000
27620001,15030000,1700000
27620001,15500000,8700000
27620001,16160000,6700000
27620001,19820000,23000000
27620001,27049999,29000000
27620001,28270000,30200001
27709999,9680000,16000000
27709999,12210000,15100000
27709999,13620000,14600000
27709999,15500000,22500000
27709999,22450001,33200001
27709999,23299999,13600000
27709999,28840000,25500000
27709999,29680000,4700000
27799999,9210000,19500000
27799999,9770000,16500000
27799999,10140000,26500000
27799999,10240000,25500000
27799999,14000000,26000000
27799999,14560000,12600000
27799999,15590000,34200001
27799999,20290001,6700000
27799999,22540001,6700000
27799999,25930000,10700000
27799999,26400000,24000000
27799999,27620001,32200001
27799999,27990000,31200001
27799999,28459999,24500000
27799999,28930000,26000000
27900000,9770000,27500000
27900000,15970000,7700000
27900000,18879999,22500000
27900000,20290001,24500000
27900000,28459999,29500000
27990000,9110000,23000000
27990000,9960000,17000000
27990000,19540001,25000000
27990000,19629999,22500000
27990000,20480000,6700000
27990000,22730000,15100000
27990000,24139999,12600000
27990000,25360001,23000000
27990000,29870001,3700000
28090000,9210000,21000000
28090000,9860000,25000000
28090000,10520000,29500000
28090000,12120000,28500000
28090000,13900000,26000000
28090000,16340000,22500000
28090000,17469999,700000
28090000,26770000,700000
28090000,26959999,25000000
28090000,28650000,25000000
28090000,28650000,28500000
28090000,30530001,1700000
28180000,14090000,33200001
28180000,16250000,21500000
28180000,16910000,21500000
28180000,19440001,22000000
28180000,20010000,24500000
28180000,20290001,22000000
28180000,22730000,14600000
28180000,22730000,17000000
28180000,24230000,22000000
28180000,25549999,23500000
28180000,25639999,3700000
28180000,27150000,27000000
28180000,28090000,24000000
28180000,28740000,27500000
28180000,28840000,26500000
28270000,10240000,17500000
28270000,13900000,26500000
28270000,14750000,12600000
28270000,15220000,10700000
28270000,15590000,2700000
28270000,19540001,33200001
28270000,24330000,34200001
28270000,26209999,2700000
28270000,27049999,27500000
28270000,28459999,29000000
28370001,9110000,22000000
28370001,9390000,23500000
28370001,13710000,15100000
28370001,15120000,25000000
28370001,18690001,23000000
28370001,18879999,2700000
28370001,18969999,3700000
28370001,19350000,4700000
28370001,22540001,16000000
28370001,22540001,16500000
28370001,24889999,32200001
28370001,26580000,24500000
28370001,26860001,25500000
28370001,28740000,27000000
28370001,30250000,2700000
28459999,10050000,18500000
28459999,10610000,29000000
28459999,17570000,22500000
28459999,17940001,23000000
28459999,20010000,24500000
28459999,23389999,18500000
28459999,25270000,20000000
28459999,25830000,20500000
28459999,28559999,28000000
28559999,9680000,20500000
28559999,9680000,24000000
28559999,9960000,24500000
28559999,9960000,26500000
28559999,10140000,27000000
28559999,19350000,21500000
28559999,19820000,5700000
28559999,22730000,17500000
28559999,26020000,21000000
28559999,26299999,21500000
28559999,26400000,30200001
28559999,26959999,26000000
28650000,9390000,21500000
28650000,10330000,27500000
28650000,12770000,28000000
28650000,13060000,15600000
28650000,14090000,27000000
28650000,14470000,14100000
28650000,15970000,32200001
28650000,17190001,22000000
28650000,17850000,21500000
28650000,20100000,23500000
28650000,21320000,6700000
28650000,26770000,28000000
28740000,10610000,28500000
28740000,10800000,18000000
28740000,12870000,29500000
28740000,15690000,9700000
28740000,18410000,34200001
28740000,26770000,22500000
28740000,26860001,26500000
28740000,27620001,23500000
28840000,12770000,28500000
28840000,12770000,29000000
28840000,15120000,25000000
28840000,22260000,15600000
28840000,25459999,4700000
28840000,26959999,1700000
28930000,9490000,22500000
28930000,13810000,15600000
28930000,14370000,26500000
28930000,18600000,25000000
28930000,19629999,25000000
28930000,20100000,24500000
28930000,20200001,22500000
28930000,22830000,6700000
28930000,24230000,19500000
28930000,25459999,31200001
28930000,26299999,22000000
28930000,26490000,29500000
28930000,29590000,5700000
29030001,10800000,26000000
29030001,10800000,28000000
29030001,13620000,30200001
29030001,14370000,14600000
29030001,14370000,27000000
29030001,18040001,700000
29030001,20670000,34200001
29030001,22639999,34200001
29030001,24799999,5700000
29120001,10430000,20000000
29120001,10800000,25500000
29120001,15120000,31200001
29120001,20290001,5700000
29120001,21320000,22000000
29120001,22730000,22000000
29120001,23670000,22500000
29120001,24049999,11600000
29120001,25639999,33200001
29120001,26110001,3700000
29120001,26209999,25000000
29120001,26400000,28500000
29120001,26959999,23000000
29209999,13340000,16000000
29209999,14000000,32200001
29209999,14940000,26000000
29209999,15030000,25500000
29209999,15030000,27500000
29209999,16530001,8700000
29209999,19540001,25000000
29209999,20290001,23000000
29209999,22450001,6700000
29209999,29120001,6700000
29309999,9960000,23000000
29309999,15310000,11600000
29309999,17940001,32200001
29309999,23580000,12100000
29400000,14180000,28500000
29400000,14940000,28000000
29400000,16059999,3700000
29400000,16719999,33200001
29400000,26299999,29000000
29500000,13150000,31200001
29500000,19440001,2700000
29500000,22639999,22500000
29500000,23389999,13100000
29590000,11370000,19000000
29590000,20570000,4700000
29590000,20760000,23500000
29590000,23010000,19000000
29680000,12770000,30200001
29680000,22170000,18000000
29680000,22730000,22500000
29680000,23010000,12600000
29680000,23299999,23000000
29680000,23770000,23500000
29680000,26110001,27000000
29680000,27240000,24000000
29680000,27520000,24500000
29680000,28370001,7700000
29780001,10430000,22000000
29780001,11270000,25000000
29780001,14000000,16500000
29780001,14280000,16000000
29780001,15310000,12100000
29780001,15970000,10700000
29780001,17280001,5700000
29780001,19730000,24500000
29780001,21320000,22500000
29780001,21510000,5700000
29780001,21889999,23000000
29780001,25360001,30200001
29780001,25459999,25500000
29780001,26020000,27500000
29780001,26400000,2700000
29870001,10610000,23500000
29870001,21510000,23000000
29870001,22260000,22500000
29870001,23200001,32200001
29870001,24889999,24500000
29870001,27709999,25500000
29959999,11080000,21000000
29959999,12770000,29500000
29959999,17570000,31200001
29959999,21700001,23000000
29959999,24049999,24000000
29959999,26110001,32200001
30059999,11460000,20500000
30059999,11930000,19500000
30059999,12590000,18500000
30059999,15500000,29500000
30059999,16250000,25000000
30059999,20290001,3700000
30059999,21889999,32200001
30059999,22450001,13600000
30059999,24420000,5700000
30059999,24420000,10700000
30059999,24889999,25000000
30059999,25549999,26000000
30150000,11080000,21500000
30150000,11180000,24000000
30150000,14090000,17000000
30150000,14750000,15100000
30150000,15120000,13600000
30150000,18410000,22500000
30150000,18879999,1700000
30150000,20850000,23500000
30150000,21320000,24000000
30150000,27430000,25000000
30250000,14940000,14600000
30250000,15500000,12600000
30250000,16530001,32200001
30250000,17100000,9700000
30250000,17570000,700000
30250000,22450001,11600000
30250000,25360001,26500000
30250000,27150000,700000
30250000,27620001,26000000
30340000,11740000,24500000
30340000,13060000,29000000
30340000,16910000,30200001
30340000,22070000,24000000
30340000,23480000,33200001
30340000,23670000,31200001
30340000,25170000,29500000
30340000,25360001,4700000
30340000,25360001,28000000
30430000,14180000,17500000
30430000,14750000,16000000
30430000,16719999,4700000
30430000,21790001,14100000
30430000,24330000,21000000
30430000,24610001,21500000
30430000,26110001,23500000
30430000,26770000,30200001
30430000,26959999,1700000
30530001,11460000,22500000
30530001,15500000,13100000
30530001,15870000,1700000
30530001,16160000,11600000
30530001,18690001,22500000
30530001,21230000,33200001
30530001,21980000,12100000
30530001,23299999,20000000
30530001,23950001,20500000
30530001,27049999,29500000
30620001,11740000,23000000
30620001,16719999,29000000
30620001,21600000,24000000
30620001,21700001,23500000
30620001,24799999,27000000
30620001,24990000,28500000
30620001,26400000,31200001
30719999,15410000,14100000
30719999,21600000,12600000
30719999,27049999,26000000
30719999,27049999,28000000
30719999,27150000,27500000
30719999,27240000,26500000
30719999,27240000,27000000
30809999,13060000,20000000
30809999,16809999,26000000
30809999,17190001,10700000
30809999,18600000,32200001
30809999,18879999,8700000
30809999,20379999,24500000
30809999,22920000,10700000
30809999,24700001,29000000
30809999,24990000,22500000
30809999,26110001,3700000
30809999,26680000,25500000
30809999,26959999,29000000
30809999,27049999,28500000
30900000,12310000,22500000
30900000,13530000,27500000
30900000,14750000,18000000
30900000,16910000,27500000
30900000,18320000,22000000
30900000,20290001,11600000
30900000,21700001,31200001
31000000,12590000,22000000
31000000,14000000,28500000
31000000,16530001,31200001
31000000,17940001,22500000
31000000,18219999,29500000
31000000,21139999,16000000
31000000,22360001,19500000
31000000,22730000,5700000
31090000,20100000,9700000
31090000,21139999,14600000
31090000,21600000,4700000
31090000,23580000,30200001
31090000,24139999,27500000
31190001,13710000,26500000
31190001,13810000,27000000
31190001,15410000,15600000
31190001,18410000,28500000
31190001,18879999,1700000
31190001,21040001,13100000
31190001,21139999,24500000
31190001,23670000,32200001
31190001,24049999,22000000
31190001,25740000,9700000
31280001,15120000,18500000
31280001,15310000,16500000
31280001,15310000,17500000
31280001,15310000,18000000
31280001,16809999,12100000
31280001,17469999,11600000
31280001,17940001,22000000
31280001,18219999,28000000
31280001,18879999,22500000
31280001,18969999,6700000
31370001,13810000,25500000
31370001,13900000,21500000
31370001,13900000,26000000
31370001,15410000,17000000
31370001,18040001,21500000
31370001,18969999,25500000
31370001,19070000,21500000
31370001,19629999,29000000
31370001,20010000,2700000
31370001,20670000,13600000
31370001,20850000,15100000
31370001,20850000,30200001
31370001,22070000,25000000
31370001,22260000,25500000
31370001,23110001,21500000
31370001,23299999,29500000
31370001,24520000,4700000
31469999,13620000,23500000
31469999,13810000,25000000
31469999,14370000,21000000
31469999,14940000,28000000
31469999,16910000,12600000
31469999,17660000,27000000
31469999,18600000,20000000
31469999,19070000,20500000
31469999,20100000,25000000
31469999,20480000,29500000
31469999,20570000,14100000
31469999,20670000,28500000
31469999,20850000,3700000
31469999,21600000,32200001
31469999,22450001,21000000
31469999,22639999,26500000
31469999,22830000,27000000
31469999,23110001,28000000
31469999,23110001,28500000
31469999,24420000,23000000
31469999,24990000,24000000
31469999,26770000,700000
31559999,14000000,24000000
31559999,14840000,20500000
31559999,15690000,16500000
31559999,16160000,14600000
31559999,16719999,30200001
31559999,17750000,26500000
31559999,17850000,12100000
31559999,18600000,26000000
31559999,19260000,27500000
31559999,19540001,27000000
31559999,19820000,20500000
31559999,20670000,15600000
31559999,21889999,20500000
31559999,22170000,26000000
31559999,22639999,29000000
31559999,25080000,24500000
31559999,25170000,30200001
31660000,14280000,23500000
31660000,14370000,24500000
31660000,16059999,15100000
31660000,16629999,13600000
31660000,18410000,12600000
31660000,18790001,31200001
31660000,18969999,20500000
31660000,19629999,20000000
31660000,20100000,26500000
31660000,20480000,28000000
31660000,20950001,18000000
31660000,21600000,20000000
31660000,22170000,22000000
31660000,24330000,23500000
31750000,14750000,23000000
31750000,16059999,16000000
31750000,16719999,14100000
31750000,16910000,13100000
31750000,18500000,19500000
31750000,19070000,23500000
31750000,19440001,23000000
31750000,20100000,21000000
31750000,20670000,16500000
31750000,20760000,17000000
31750000,21040001,18500000
31750000,21040001,27000000
31750000,21139999,19000000
31750000,21139999,27500000
31750000,21420000,26500000
31750000,23110001,22500000
31750000,24990000,25000000
31750000,25270000,29500000
31750000,26680000,700000
31840000,16530001,29500000
31840000,18410000,20000000
31840000,19820000,7700000
31840000,20480000,21500000
31840000,20760000,17500000
31840000,20850000,22500000
31840000,21040001,19500000
31840000,23480000,31200001
31940001,15500000,22000000
31940001,15780000,21000000
31940001,16160000,18500000
31940001,16440001,29000000
31940001,16910000,23500000
31940001,17469999,19000000
31940001,18500000,13100000
31940001,18600000,700000
31940001,19160000,19000000
31940001,19910000,21500000
31940001,20570000,8700000
31940001,20570000,22000000
31940001,24610001,25500000
31940001,24889999,26000000
31940001,25930000,2700000
32029999,16250000,22500000
32029999,16340000,19000000
32029999,16440001,17500000
32029999,16629999,18000000
32029999,17190001,24500000
32029999,17280001,24000000
32029999,17570000,21000000
32029999,17750000,5700000
32029999,18219999,22500000
32029999,18320000,13600000
32029999,18500000,19500000
32029999,19440001,14600000
32029999,19629999,23500000
32029999,20100000,22000000
32029999,20100000,22500000
32029999,20670000,23000000
32029999,22170000,23000000
32029999,22260000,4700000
32029999,23200001,4700000
32130001,16340000,25000000
32130001,16629999,19500000
32130001,16629999,21500000
32130001,16910000,17000000
32130001,17000000,19500000
32130001,17190001,20500000
32130001,17469999,21500000
32130001,17940001,22000000
32130001,17940001,23000000
32130001,18410000,14100000
32130001,19260000,18500000
32130001,19820000,18000000
32130001,20010000,16000000
32130001,20100000,23000000
32130001,21420000,31200001
32130001,24610001,26500000
32130001,24700001,27000000
32220001,15690000,700000
32220001,17280001,15600000
32220001,17469999,15100000
32220001,17750000,22500000
32220001,17850000,14600000
32220001,19160000,15100000
32220001,20290001,20500000
32220001,20480000,23500000
32220001,20570000,21500000
32220001,21980000,23500000
32220001,24420000,27500000
32310001,17660000,16500000
32310001,19070000,17500000
32310001,19160000,15600000
32310001,19260000,16500000
32310001,19350000,17000000
32310001,19540001,30200001
32310001,22360001,24000000
32310001,22730000,30200001
32310001,24330000,28000000
32410000,17379999,3700000
32410000,18129999,16000000
32410000,18320000,21000000
32410000,18600000,23500000
32410000,18969999,24000000
32410000,19730000,1700000
32410000,19910000,20000000
32410000,20290001,24000000
32410000,23950001,29000000
32410000,24049999,28500000
32410000,29680000,4700000
32500000,17750000,25500000
32500000,17750000,28500000
32500000,18129999,29000000
32500000,18410000,20500000
32500000,19350000,23500000
32500000,20100000,22500000
32500000,20379999,22500000
32500000,20850000,22000000
32500000,21420000,3700000
32500000,21889999,24500000
32500000,23110001,29500000
32500000,24610001,3700000
32590000,18219999,25000000
32590000,19260000,24500000
32590000,20100000,22000000
32590000,20100000,24500000
32590000,20200001,23000000
32590000,20760000,2700000
32590000,20760000,21000000
32689999,17750000,4700000
32689999,18040001,26000000
32689999,18320000,28000000
32689999,18410000,24000000
32689999,19160000,19500000
32689999,19540001,24000000
32689999,20010000,29500000
32689999,20290001,20500000
32689999,26400000,8700000
32779999,18219999,26500000
32779999,18410000,27500000
32779999,18790001,20000000
32779999,19540001,20000000
32779999,19730000,23000000
32779999,19820000,21500000
32779999,20100000,23500000
32779999,20100000,24000000
32779999,20850000,29000000
32779999,21040001,21500000
32779999,21139999,25000000
32779999,29780001,3700000
32880001,18410000,19500000
32880001,18969999,24500000
32880001,19820000,25000000
32880001,20200001,21000000
32880001,20480000,23000000
32880001,20570000,28500000
32880001,20670000,23500000
32880001,20850000,28000000
32880001,21230000,23000000
32880001,23200001,3700000
32880001,30250000,700000
32970001,18969999,27000000
32970001,20100000,24500000
32970001,20480000,25500000
32970001,20760000,27500000
32970001,21040001,27000000
32970001,21230000,22000000
32970001,21320000,22500000
32970001,23480000,9700000
32970001,24610001,9700000
32970001,28459999,6700000
32970001,29959999,2700000
33060001,18790001,24500000
33060001,20570000,26000000
33060001,20670000,26500000
33060001,21230000,23500000
33060001,25360001,1700000
33060001,27520000,7700000
33060001,29209999,5700000
33160000,19820000,25000000
33160000,19910000,23500000
33160000,20100000,21500000
33160000,20100000,22500000
33250000,19730000,6700000
33250000,20010000,23000000
33250000,20290001,22000000
33250000,21139999,24000000
33250000,24420000,2700000
33349998,19160000,25000000
33349998,20760000,23500000
33349998,20950001,22500000
33349998,21230000,23000000
33439999,20379999,25000000
33439999,20950001,24500000
33439999,21230000,23500000
33529999,23110001,2700000
33630001,20950001,24000000
33720001,20100000,25000000
33720001,20379999,24500000
33820000,30059999,1700000
33910000,18879999,5700000
33910000,22360001,1700000
33910000,23950001,1700000
34000000,20950001,7700000
34000000,24610001,700000
34189999,21700001,700000
34380001,22830000,700000
34470001,25360001,8700000
34759998,18690001,4700000
34759998,22360001,8700000
34849998,17940001,2700000
35040001,18320000,3700000
35230000,20200001,6700000
35410000,29309999,3700000
35410000,29680000,700000
35599998,17660000,1700000
35599998,29309999,2700000
35790001,21320000,7700000
35790001,23010000,8700000
35790001,23770000,8700000
35980000,29309999,1700000
36070000,17379999,700000
36160000,28930000,4700000
36259998,19440001,5700000
36259998,25830000,7700000
36540001,29209999,700000
37669998,18690001,4700000
37669998,26860001,6700000
37669998,29120001,2700000
37759998,24230000,7700000
37860001,29309999,1700000
38509998,27620001,5700000
38610001,28459999,3700000
38700001,20010000,6700000
38700001,21040001,7700000
38700001,29120001,700000
39360001,22070000,7700000
39450001,21320000,7700000
39549999,17940001,3700000
40020000,20200001,6700000
40299999,28650000,700000
40490002,18219999,4700000
40860001,17940001,700000
41049999,27799999,2700000
41139999,18969999,5700000
41240002,17750000,2700000
41419998,17850000,1700000
41520000,27049999,4700000
41610001,20670000,6700000
41610001,27430000,3700000
41799999,17940001,3700000
41990002,18500000,4700000
41990002,24420000,6700000
41990002,27900000,1700000
42549999,22070000,6700000
42549999,23299999,6700000
42740002,18219999,700000
42930000,18219999,2700000
42930000,25360001,5700000
43020000,27900000,700000
43119999,18320000,1700000
43209999,20010000,5700000
43209999,27330000,2700000
43299999,19160000,4700000
43400002,25830000,4700000
43400002,27709999,1700000
43490002,26490000,3700000
43680000,18790001,3700000
43770000,23950001,5700000
43959999,21600000,5700000
44049999,27709999,700000
44150002,19260000,2700000
44340000,20480000,4700000
44340000,24230000,4700000
44619999,22170000,4700000
44619999,24889999,3700000
44619999,25930000,2700000
44709999,20100000,700000
44709999,26680000,1700000
44810001,20379999,3700000
44990002,20379999,1700000
45090000,22730000,3700000
45180000,22260000,3700000
45279999,21139999,2700000
45279999,23860001,2700000
45279999,26490000,700000
45459999,24990000,1700000
45650002,22070000,1700000
45750000,22170000,700000
45840000,24610001,700000
