0,500000,7864754
0,1000000,8064458
0,1500000,7578276
0,2000000,6309824
0,2500000,5466399
0,3000000,4480970
0,3500000,4691189
0,4000000,4158543
0,4500000,3056459
0,5000000,2642241
0,5500000,1812513
0,6000000,1201957
0,6500000,1756566
0,7000000,1872605
0,7500000,1372528
0,8000000,994698
0,8500000,118416
0,9000000,0
0,9500000,_781
0,10000000,_974
0,10500000,941519
0,11000000,1749141
0,11500000,2734845
0,12000000,3777370
0,12500000,3989238
0,13000000,4161595
0,13500000,4117930
0,14000000,3374774
0,14500000,3103841
0,15000000,2399680
0,15500000,1336611
0,16000000,553015
0,16500000,467242
0,17000000,1160421
0,17500000,1746501
0,18000000,2570463
0,18500000,2512271
0,19000000,1803860
0,19500000,989454
0,20000000,965034
0,20500000,1952152
0,21000000,2271714
0,21500000,3726094
0,22000000,3930571
0,22500000,4145016
0,23000000,4949648
0,23500000,4431857
0,24000000,4296896
0,24500000,3550871
0,25000000,2210594
0,25500000,5458875
500000,0,7546474
500000,500000,7714868
500000,1000000,6782631
500000,1500000,6093087
500000,2000000,5114147
500000,2500000,4522841
500000,3000000,4000078
500000,3500000,3731028
500000,4000000,2853171
500000,4500000,2566171
500000,5000000,1716418
500000,5500000,1780117
500000,6000000,1705917
500000,6500000,1270887
500000,7000000,1148860
500000,7500000,572052
500000,8000000,122991
500000,8500000,_431
500000,9000000,70476
500000,9500000,893935
500000,10000000,1560297
500000,10500000,2472302
500000,11000000,3342042
500000,11500000,4284991
500000,12000000,4319032
500000,12500000,4454856
500000,13000000,3768840
500000,13500000,3248479
500000,14000000,3368468
500000,14500000,2357851
500000,15000000,1252912
500000,15500000,1032130
500000,16000000,1436722
500000,16500000,2247268
500000,17000000,2840106
500000,17500000,3059645
500000,18000000,2419602
500000,18500000,1818020
500000,19000000,1293867
500000,19500000,2010383
500000,20000000,2449983
500000,20500000,3345671
500000,21000000,3785956
500000,21500000,3962067
500000,22000000,4646982
500000,22500000,5026053
500000,23000000,3937137
500000,23500000,2796495
500000,24000000,1582896
500000,24500000,136951
500000,25000000,5831078
500000,25500000,7482574
1000000,0,7373598
1000000,500000,6651355
1000000,1000000,5503395
1000000,1500000,4854654
1000000,2000000,4080879
1000000,2500000,3368708
1000000,3000000,3470942
1000000,3500000,3044641
1000000,4000000,2458829
1000000,4500000,1908419
1000000,5000000,1504861
1000000,5500000,1474418
1000000,6000000,909032
1000000,6500000,1058421
1000000,7000000,547450
1000000,7500000,211147
1000000,8000000,180633
1000000,8500000,648972
1000000,9000000,1170502
1000000,9500000,2309387
1000000,10000000,2986801
1000000,10500000,3955157
1000000,11000000,4314440
1000000,11500000,4563647
1000000,12000000,4173072
1000000,12500000,3638424
1000000,13000000,3146223
1000000,13500000,3066829
1000000,14000000,1896736
1000000,14500000,1608927
1000000,15000000,1845596
1000000,15500000,2281825
1000000,16000000,2818122
1000000,16500000,3265224
1000000,17000000,3204880
1000000,17500000,2749237
1000000,18000000,1957010
1000000,18500000,1861157
1000000,19000000,2763752
1000000,19500000,3018563
1000000,20000000,3603452
1000000,20500000,3819479
1000000,21000000,4000706
1000000,21500000,4253566
1000000,22000000,3650314
1000000,22500000,2670199
1000000,23000000,1301286
1000000,23500000,515595
1000000,24000000,2782200
1000000,24500000,5969290
1000000,25000000,7360255
1000000,25500000,7306244
1500000,0,5884078
1500000,500000,4920934
1500000,1000000,4662967
1500000,1500000,3418513
1500000,2000000,3354607
1500000,2500000,3297314
1500000,3000000,3143579
1500000,3500000,1813432
1500000,4000000,1564339
1500000,4500000,1662522
1500000,5000000,1227958
1500000,5500000,1065387
1500000,6000000,740436
1500000,6500000,642820
1500000,7000000,472868
1500000,7500000,504481
1500000,8000000,792330
1500000,8500000,1794306
1500000,9000000,2515576
1500000,9500000,3291125
1500000,10000000,4131185
1500000,10500000,4266155
1500000,11000000,4163273
1500000,11500000,4013465
1500000,12000000,3160510
1500000,12500000,2973889
1500000,13000000,2403935
1500000,13500000,2024166
1500000,14000000,1702270
1500000,14500000,2274214
1500000,15000000,2735572
1500000,15500000,3334805
1500000,16000000,3660179
1500000,16500000,3578058
1500000,17000000,2696440
1500000,17500000,2566338
1500000,18000000,2935336
1500000,18500000,2842103
1500000,19000000,3095510
1500000,19500000,3670167
1500000,20000000,3793665
1500000,20500000,3555295
1500000,21000000,3859292
1500000,21500000,3036894
1500000,22000000,1667004
1500000,22500000,732732
1500000,23000000,1631498
1500000,23500000,3925474
1500000,24000000,5800214
1500000,24500000,6961357
1500000,25000000,6743560
1500000,25500000,5745847
2000000,0,4473206
2000000,500000,3952365
2000000,1000000,3223907
2000000,1500000,3598343
2000000,2000000,2894320
2000000,2500000,1954103
2000000,3000000,965153
2000000,3500000,1483877
2000000,4000000,1308147
2000000,4500000,805598
2000000,5000000,624632
2000000,5500000,714592
2000000,6000000,650372
2000000,6500000,459479
2000000,7000000,611623
2000000,7500000,1115557
2000000,8000000,2176032
2000000,8500000,2712533
2000000,9000000,3382054
2000000,9500000,3809652
2000000,10000000,3608121
2000000,10500000,3834600
2000000,11000000,3490409
2000000,11500000,2697136
2000000,12000000,2568263
2000000,12500000,2477660
2000000,13000000,1912149
2000000,13500000,2327096
2000000,14000000,2853061
2000000,14500000,3037624
2000000,15000000,3685077
2000000,15500000,3816077
2000000,16000000,3270939
2000000,16500000,3114409
2000000,17000000,3156151
2000000,17500000,3075231
2000000,18000000,2649024
2000000,18500000,2952137
2000000,19000000,3727021
2000000,19500000,3298523
2000000,20000000,3321076
2000000,20500000,3335236
2000000,21000000,2396663
2000000,21500000,1498287
2000000,22000000,1770331
2000000,22500000,3338474
2000000,23000000,4355846
2000000,23500000,5911583
2000000,24000000,6314919
2000000,24500000,6025428
2000000,25000000,5260293
2000000,25500000,4303585
2500000,0,3383956
2500000,500000,2737585
2500000,1000000,2427217
2500000,1500000,1971491
2500000,2000000,700961
2500000,2500000,857409
2500000,3000000,1007824
2500000,3500000,806486
2500000,4000000,557033
2500000,4500000,548497
2500000,5000000,674840
2500000,5500000,441967
2500000,6000000,730540
2500000,6500000,830494
2500000,7000000,1286046
2500000,7500000,1991279
2500000,8000000,2361277
2500000,8500000,3040878
2500000,9000000,3099263
2500000,9500000,3012588
2500000,10000000,3255068
2500000,10500000,2654255
2500000,11000000,2381269
2500000,11500000,2582943
2500000,12000000,1984847
2500000,12500000,2104119
2500000,13000000,2787205
2500000,13500000,3217008
2500000,14000000,3263746
2500000,14500000,3641875
2500000,15000000,3566118
2500000,15500000,3214503
2500000,16000000,3201900
2500000,16500000,2969491
2500000,17000000,2480128
2500000,17500000,2541611
2500000,18000000,3123513
2500000,18500000,3386802
2500000,19000000,2969900
2500000,19500000,3329433
2500000,20000000,2735216
2500000,20500000,2415182
2500000,21000000,2269828
2500000,21500000,2948927
2500000,22000000,3816567
2500000,22500000,4550022
2500000,23000000,5671758
2500000,23500000,5620686
2500000,24000000,4627007
2500000,24500000,4348988
2500000,25000000,3322664
2500000,25500000,3290806
3000000,0,2156680
3000000,500000,1539440
3000000,1000000,885576
3000000,1500000,428735
3000000,2000000,370467
3000000,2500000,482330
3000000,3000000,518712
3000000,3500000,172219
3000000,4000000,477860
3000000,4500000,173631
3000000,5000000,281197
3000000,5500000,613780
3000000,6000000,663149
3000000,6500000,1050342
3000000,7000000,1591558
3000000,7500000,2279727
3000000,8000000,2431494
3000000,8500000,2492590
3000000,9000000,2503432
3000000,9500000,2290006
3000000,10000000,2053335
3000000,10500000,1951224
3000000,11000000,1994002
3000000,11500000,1725617
3000000,12000000,2480469
3000000,12500000,3036424
3000000,13000000,2975689
3000000,13500000,3217210
3000000,14000000,3249892
3000000,14500000,3140602
3000000,15000000,2855936
3000000,15500000,2754930
3000000,16000000,2350796
3000000,16500000,2068880
3000000,17000000,2192641
3000000,17500000,2426571
3000000,18000000,2470390
3000000,18500000,2625635
3000000,19000000,3184565
3000000,19500000,2530308
3000000,20000000,3047618
3000000,20500000,2948621
3000000,21000000,3963020
3000000,21500000,4109541
3000000,22000000,4634701
3000000,22500000,4930958
3000000,23000000,4364008
3000000,23500000,3599321
3000000,24000000,3610943
3000000,24500000,2389199
3000000,25000000,2277621
3000000,25500000,1931592
3500000,0,741309
3500000,500000,83027
3500000,1000000,339374
3500000,1500000,220950
3500000,2000000,196199
3500000,2500000,_792
3500000,3000000,_972
3500000,3500000,_424
3500000,4000000,443
3500000,4500000,977
3500000,5000000,463481
3500000,5500000,305164
3500000,6000000,862547
3500000,6500000,1329501
3500000,7000000,1726400
3500000,7500000,1735255
3500000,8000000,1703922
3500000,8500000,1928681
3500000,9000000,1649339
3500000,9500000,1399773
3500000,10000000,1394317
3500000,10500000,1371664
3500000,11000000,1845613
3500000,11500000,2406435
3500000,12000000,2842192
3500000,12500000,2927713
3500000,13000000,2742240
3500000,13500000,2727739
3500000,14000000,2428448
3500000,14500000,2454495
3500000,15000000,2276076
3500000,15500000,1727000
3500000,16000000,1760390
3500000,16500000,1560395
3500000,17000000,2028838
3500000,17500000,2159428
3500000,18000000,2494426
3500000,18500000,3008303
3500000,19000000,3201911
3500000,19500000,3395544
3500000,20000000,3842940
3500000,20500000,4280632
3500000,21000000,4046452
3500000,21500000,4557904
3500000,22000000,4153057
3500000,22500000,3737890
3500000,23000000,3033657
3500000,23500000,2604487
3500000,24000000,1759471
3500000,24500000,1687529
3500000,25000000,820637
3500000,25500000,663942
4000000,0,545031
4000000,500000,274790
4000000,1000000,_969
4000000,1500000,_421
4000000,2000000,447
4000000,2500000,978
4000000,3000000,771
4000000,3500000,_9
4000000,4000000,_787
4000000,4500000,_972
4000000,5000000,_416
4000000,5500000,404648
4000000,6000000,823400
4000000,6500000,1055277
4000000,7000000,881010
4000000,7500000,985704
4000000,8000000,1050635
4000000,8500000,839298
4000000,9000000,696913
4000000,9500000,951482
4000000,10000000,844184
4000000,10500000,1468498
4000000,11000000,2342512
4000000,11500000,2581406
4000000,12000000,2545832
4000000,12500000,2326133
4000000,13000000,2305686
4000000,13500000,2067819
4000000,14000000,2007187
4000000,14500000,1483540
4000000,15000000,1211571
4000000,15500000,1357537
4000000,16000000,1346597
4000000,16500000,1821873
4000000,17000000,2409316
4000000,17500000,2610196
4000000,18000000,3073651
4000000,18500000,3583144
4000000,19000000,3966956
4000000,19500000,3832200
4000000,20000000,3875747
4000000,20500000,3641534
4000000,21000000,4296991
4000000,21500000,3474406
4000000,22000000,2828706
4000000,22500000,2756954
4000000,23000000,1830405
4000000,23500000,1027727
4000000,24000000,109922
4000000,24500000,36572
4000000,25000000,331733
4000000,25500000,444019
4500000,0,42020
4500000,500000,979
4500000,1000000,769
4500000,1500000,_20
4500000,2000000,_790
4500000,2500000,_971
4500000,3000000,_420
4500000,3500000,447
4500000,4000000,980
4500000,4500000,771
4500000,5000000,_17
4500000,5500000,_793
4500000,6000000,142470
4500000,6500000,97149
4500000,7000000,170846
4500000,7500000,466415
4500000,8000000,208117
4500000,8500000,279147
4500000,9000000,489681
4500000,9500000,571175
4500000,10000000,1547841
4500000,10500000,2044524
4500000,11000000,2232221
4500000,11500000,2015883
4500000,12000000,1963911
4500000,12500000,1866141
4500000,13000000,1508647
4500000,13500000,1404797
4500000,14000000,1122685
4500000,14500000,1216150
4500000,15000000,1345311
4500000,15500000,1458732
4500000,16000000,2033067
4500000,16500000,2362824
4500000,17000000,2801279
4500000,17500000,3174198
4500000,18000000,3430550
4500000,18500000,3514198
4500000,19000000,3505197
4500000,19500000,3087326
4500000,20000000,3743170
4500000,20500000,3719412
4500000,21000000,3284261
4500000,21500000,2861891
4500000,22000000,1860061
4500000,22500000,852115
4500000,23000000,_793
4500000,23500000,_970
4500000,24000000,_422
4500000,24500000,446
4500000,25000000,978
4500000,25500000,772
5000000,0,_792
5000000,500000,_970
5000000,1000000,_416
5000000,1500000,451
5000000,2000000,979
5000000,2500000,773
5000000,3000000,_13
5000000,3500000,_795
5000000,4000000,_969
5000000,4500000,_412
5000000,5000000,448
5000000,5500000,978
5000000,6000000,770
5000000,6500000,_18
5000000,7000000,_793
5000000,7500000,_972
5000000,8000000,_415
5000000,8500000,177466
5000000,9000000,504451
5000000,9500000,1666209
5000000,10000000,1494853
5000000,10500000,1633915
5000000,11000000,1308494
5000000,11500000,1143240
5000000,12000000,1036804
5000000,12500000,1166144
5000000,13000000,929861
5000000,13500000,942944
5000000,14000000,1169649
5000000,14500000,1602775
5000000,15000000,1773840
5000000,15500000,2065573
5000000,16000000,2316808
5000000,16500000,2171239
5000000,17000000,2763091
5000000,17500000,2771810
5000000,18000000,2702143
5000000,18500000,2779174
5000000,19000000,2914793
5000000,19500000,4218028
5000000,20000000,3752630
5000000,20500000,2535572
5000000,21000000,2181364
5000000,21500000,139981
5000000,22000000,_418
5000000,22500000,449
5000000,23000000,978
5000000,23500000,769
5000000,24000000,_19
5000000,24500000,_789
5000000,25000000,_971
5000000,25500000,_414
5500000,0,979
5500000,500000,771
5500000,1000000,_25
5500000,1500000,_793
5500000,2000000,_968
5500000,2500000,_416
5500000,3000000,445
5500000,3500000,979
5500000,4000000,773
5500000,4500000,_22
5500000,5000000,_800
5500000,5500000,_969
5500000,6000000,_418
5500000,6500000,456
5500000,7000000,978
5500000,7500000,764
5500000,8000000,_19
5500000,8500000,814160
5500000,9000000,1205770
5500000,9500000,1082919
5500000,10000000,994846
5500000,10500000,785285
5500000,11000000,546736
5500000,11500000,533266
5500000,12000000,779660
5500000,12500000,822606
5500000,13000000,1015560
5500000,13500000,1307387
5500000,14000000,1260840
5500000,14500000,1753840
5500000,15000000,2042946
5500000,15500000,1826837
5500000,16000000,1994578
5500000,16500000,2090999
5500000,17000000,2076708
5500000,17500000,2255868
5500000,18000000,2512557
5500000,18500000,3578271
5500000,19000000,3975686
5500000,19500000,3476992
5500000,20000000,1631290
5500000,20500000,271980
5500000,21000000,979
5500000,21500000,772
5500000,22000000,_23
5500000,22500000,_791
5500000,23000000,_969
5500000,23500000,_417
5500000,24000000,457
5500000,24500000,978
5500000,25000000,774
5500000,25500000,_20
6000000,0,_971
6000000,500000,_412
6000000,1000000,448
6000000,1500000,980
6000000,2000000,770
6000000,2500000,_10
6000000,3000000,_793
6000000,3500000,_972
6000000,4000000,_401
6000000,4500000,459
6000000,5000000,979
6000000,5500000,762
6000000,6000000,_23
6000000,6500000,_801
6000000,7000000,_969
6000000,7500000,206347
6000000,8000000,618023
6000000,8500000,590160
6000000,9000000,457130
6000000,9500000,463324
6000000,10000000,214301
6000000,10500000,252923
6000000,11000000,533643
6000000,11500000,578214
6000000,12000000,622207
6000000,12500000,613188
6000000,13000000,846111
6000000,13500000,1041301
6000000,14000000,1960149
6000000,14500000,1825982
6000000,15000000,1633328
6000000,15500000,1624685
6000000,16000000,1782680
6000000,16500000,1722770
6000000,17000000,2053643
6000000,17500000,2516735
6000000,18000000,3193747
6000000,18500000,3206150
6000000,19000000,2023101
6000000,19500000,444693
6000000,20000000,_11
6000000,20500000,_794
6000000,21000000,_971
6000000,21500000,_400
6000000,22000000,460
6000000,22500000,979
6000000,23000000,761
6000000,23500000,_24
6000000,24000000,_801
6000000,24500000,_968
6000000,25000000,_417
6000000,25500000,458
6500000,0,758
6500000,500000,_30
6500000,1000000,_795
6500000,1500000,_967
6500000,2000000,_411
6500000,2500000,449
6500000,3000000,980
6500000,3500000,770
6500000,4000000,_27
6500000,4500000,_794
6500000,5000000,_971
6500000,5500000,_414
6500000,6000000,446
6500000,6500000,979
6500000,7000000,3935
6500000,7500000,197116
6500000,8000000,236179
6500000,8500000,414397
6500000,9000000,292832
6500000,9500000,45767
6500000,10000000,325400
6500000,10500000,390831
6500000,11000000,304486
6500000,11500000,134237
6500000,12000000,490398
6500000,12500000,566441
6500000,13000000,1144884
6500000,13500000,1670390
6500000,14000000,1626019
6500000,14500000,1343374
6500000,15000000,1349829
6500000,15500000,1459812
6500000,16000000,1250298
6500000,16500000,1968944
6500000,17000000,2187747
6500000,17500000,2133886
6500000,18000000,1551110
6500000,18500000,157411
6500000,19000000,_967
6500000,19500000,_410
6500000,20000000,450
6500000,20500000,980
6500000,21000000,769
6500000,21500000,_28
6500000,22000000,_794
6500000,22500000,_971
6500000,23000000,_413
6500000,23500000,447
6500000,24000000,979
6500000,24500000,771
6500000,25000000,_9
6500000,25500000,_802
7000000,0,_408
7000000,500000,452
7000000,1000000,977
7000000,1500000,767
7000000,2000000,_15
7000000,2500000,_805
7000000,3000000,_967
7000000,3500000,_411
7000000,4000000,463
7000000,4500000,980
7000000,5000000,759
7000000,5500000,_27
7000000,6000000,_794
7000000,6500000,_967
7000000,7000000,_413
7000000,7500000,279467
7000000,8000000,260011
7000000,8500000,201304
7000000,9000000,55904
7000000,9500000,94471
7000000,10000000,258452
7000000,10500000,119234
7000000,11000000,444
7000000,11500000,112120
7000000,12000000,576735
7000000,12500000,1051144
7000000,13000000,1308823
7000000,13500000,1316372
7000000,14000000,1258991
7000000,14500000,1011694
7000000,15000000,730568
7000000,15500000,1053874
7000000,16000000,1299621
7000000,16500000,1434057
7000000,17000000,1158320
7000000,17500000,_407
7000000,18000000,453
7000000,18500000,978
7000000,19000000,767
7000000,19500000,_16
7000000,20000000,_806
7000000,20500000,_966
7000000,21000000,_410
7000000,21500000,464
7000000,22000000,980
7000000,22500000,758
7000000,23000000,_28
7000000,23500000,_795
7000000,24000000,_967
7000000,24500000,_412
7000000,25000000,462
7000000,25500000,980
7500000,0,_34
7500000,500000,_798
7500000,1000000,_966
7500000,1500000,_407
7500000,2000000,453
7500000,2500000,981
7500000,3000000,767
7500000,3500000,_31
7500000,4000000,_796
7500000,4500000,_970
7500000,5000000,_410
7500000,5500000,450
7500000,6000000,983
7500000,6500000,81862
7500000,7000000,185668
7500000,7500000,98997
7500000,8000000,218489
7500000,8500000,_398
7500000,9000000,166241
7500000,9500000,980
7500000,10000000,760
7500000,10500000,_25
7500000,11000000,331547
7500000,11500000,578297
7500000,12000000,901370
7500000,12500000,957573
7500000,13000000,1008550
7500000,13500000,747012
7500000,14000000,533166
7500000,14500000,627062
7500000,15000000,623885
7500000,15500000,542022
7500000,16000000,550175
7500000,16500000,433664
7500000,17000000,764
7500000,17500000,_35
7500000,18000000,_799
7500000,18500000,_969
7500000,19000000,_406
7500000,19500000,454
7500000,20000000,981
7500000,20500000,766
7500000,21000000,_17
7500000,21500000,_797
7500000,22000000,_970
7500000,22500000,_409
7500000,23000000,451
7500000,23500000,977
7500000,24000000,758
7500000,24500000,_29
7500000,25000000,_805
7500000,25500000,_967
8000000,0,456
8000000,500000,978
8000000,1000000,754
8000000,1500000,_35
8000000,2000000,_799
8000000,2500000,_966
8000000,3000000,_406
8000000,3500000,468
8000000,4000000,981
8000000,4500000,766
8000000,5000000,_32
8000000,5500000,246531
8000000,6000000,323273
8000000,6500000,301404
8000000,7000000,275267
8000000,7500000,207794
8000000,8000000,768
8000000,8500000,71496
8000000,9000000,_795
8000000,9500000,_971
8000000,10000000,_397
8000000,10500000,240624
8000000,11000000,347003
8000000,11500000,546651
8000000,12000000,667428
8000000,12500000,672058
8000000,13000000,372645
8000000,13500000,61197
8000000,14000000,360491
8000000,14500000,98051
8000000,15000000,158989
8000000,15500000,298226
8000000,16000000,_801
8000000,16500000,_969
8000000,17000000,_417
8000000,17500000,457
8000000,18000000,979
8000000,18500000,753
8000000,19000000,_36
8000000,19500000,_799
8000000,20000000,_965
8000000,20500000,_405
8000000,21000000,468
8000000,21500000,981
8000000,22000000,765
8000000,22500000,_33
8000000,23000000,_798
8000000,23500000,_966
8000000,24000000,_408
8000000,24500000,452
8000000,25000000,981
8000000,25500000,767
8500000,0,_801
8500000,500000,_969
8500000,1000000,_403
8500000,1500000,457
8500000,2000000,982
8500000,2500000,764
8500000,3000000,_20
8500000,3500000,_799
8500000,4000000,_969
8500000,4500000,140827
8500000,5000000,480260
8500000,5500000,519518
8500000,6000000,503368
8500000,6500000,569132
8500000,7000000,151557
8500000,7500000,39047
8500000,8000000,_408
8500000,8500000,466
8500000,9000000,980
8500000,9500000,757
8500000,10000000,83604
8500000,10500000,25472
8500000,11000000,167608
8500000,11500000,518168
8500000,12000000,534172
8500000,12500000,145269
8500000,13000000,156610
8500000,13500000,155664
8500000,14000000,_803
8500000,14500000,162509
8500000,15000000,_399
8500000,15500000,461
8500000,16000000,982
8500000,16500000,761
8500000,17000000,_40
8500000,17500000,_802
8500000,18000000,_968
8500000,18500000,_402
8500000,19000000,458
8500000,19500000,979
8500000,20000000,763
8500000,20500000,_21
8500000,21000000,_800
8500000,21500000,_969
8500000,22000000,_419
8500000,22500000,469
8500000,23000000,981
8500000,23500000,755
8500000,24000000,_34
8500000,24500000,_798
8500000,25000000,_966
8500000,25500000,_407
9000000,0,982
9000000,500000,761
9000000,1000000,_40
9000000,1500000,_801
9000000,2000000,_964
9000000,2500000,_402
9000000,3000000,458
9000000,3500000,982
9000000,4000000,354988
9000000,4500000,667195
9000000,5000000,855190
9000000,5500000,767124
9000000,6000000,481771
9000000,6500000,177136
9000000,7000000,981
9000000,7500000,765
9000000,8000000,_18
9000000,8500000,_807
9000000,9000000,_966
9000000,9500000,_393
9000000,10000000,466
9000000,10500000,91804
9000000,11000000,480597
9000000,11500000,410598
9000000,12000000,144390
9000000,12500000,12643
9000000,13000000,_410
9000000,13500000,464
9000000,14000000,980
9000000,14500000,759
9000000,15000000,_28
9000000,15500000,_794
9000000,16000000,_967
9000000,16500000,_413
9000000,17000000,475
9000000,17500000,982
9000000,18000000,761
9000000,18500000,_41
9000000,19000000,_802
9000000,19500000,_964
9000000,20000000,_401
9000000,20500000,459
9000000,21000000,982
9000000,21500000,763
9000000,22000000,_38
9000000,22500000,_800
9000000,23000000,_969
9000000,23500000,_404
9000000,24000000,456
9000000,24500000,981
9000000,25000000,764
9000000,25500000,_19
9500000,0,_967
9500000,500000,_399
9500000,1000000,461
9500000,1500000,979
9500000,2000000,761
9500000,2500000,_25
9500000,3000000,282141
9500000,3500000,590556
9500000,4000000,975338
9500000,4500000,1132021
9500000,5000000,850137
9500000,5500000,406125
9500000,6000000,59247
9500000,6500000,_800
9500000,7000000,_965
9500000,7500000,_404
9500000,8000000,470
9500000,8500000,981
9500000,9000000,764
9500000,9500000,_35
9500000,10000000,161728
9500000,10500000,355246
9500000,11000000,225443
9500000,11500000,453
9500000,12000000,984
9500000,12500000,756
9500000,13000000,_47
9500000,13500000,_806
9500000,14000000,_966
9500000,14500000,_395
9500000,15000000,465
9500000,15500000,983
9500000,16000000,758
9500000,16500000,_29
9500000,17000000,_804
9500000,17500000,_967
9500000,18000000,_398
9500000,18500000,462
9500000,19000000,980
9500000,19500000,760
9500000,20000000,_26
9500000,20500000,_812
9500000,21000000,_964
9500000,21500000,_400
9500000,22000000,473
9500000,22500000,982
9500000,23000000,752
9500000,23500000,_38
9500000,24000000,_801
9500000,24500000,_965
9500000,25000000,_403
9500000,25500000,457
10000000,0,758
10000000,500000,_44
10000000,1000000,_804
10000000,1500000,_967
10000000,2000000,114725
10000000,2500000,532251
10000000,3000000,966047
10000000,3500000,1304185
10000000,4000000,1248806
10000000,4500000,833654
10000000,5000000,415858
10000000,5500000,96796
10000000,6000000,459
10000000,6500000,979
10000000,7000000,752
10000000,7500000,_38
10000000,8000000,_810
10000000,8500000,_965
10000000,9000000,32947
10000000,9500000,117452
10000000,10000000,239076
10000000,10500000,754
10000000,11000000,_35
10000000,11500000,_799
10000000,12000000,_965
10000000,12500000,_406
10000000,13000000,468
10000000,13500000,981
10000000,14000000,766
10000000,14500000,_33
10000000,15000000,_797
10000000,15500000,_962
10000000,16000000,_394
10000000,16500000,465
10000000,17000000,983
10000000,17500000,758
10000000,18000000,_45
10000000,18500000,_805
10000000,19000000,_967
10000000,19500000,_397
10000000,20000000,463
10000000,20500000,983
10000000,21000000,760
10000000,21500000,_27
10000000,22000000,_803
10000000,22500000,_968
10000000,23000000,_400
10000000,23500000,460
10000000,24000000,979
10000000,24500000,751
10000000,25000000,_39
10000000,25500000,_811
10500000,0,_409
10500000,500000,479
10500000,1000000,983
10500000,1500000,471046
10500000,2000000,868455
10500000,2500000,1336447
10500000,3000000,1409997
10500000,3500000,1268440
10500000,4000000,740907
10500000,4500000,483326
10500000,5000000,302872
10500000,5500000,_42
10500000,6000000,_803
10500000,6500000,1739
10500000,7000000,_385
10500000,7500000,474
10500000,8000000,17055
10500000,8500000,50149
10500000,9000000,_55
10500000,9500000,_810
10500000,10000000,_964
10500000,10500000,_402
10500000,11000000,457
10500000,11500000,985
10500000,12000000,753
10500000,12500000,_36
10500000,13000000,_800
10500000,13500000,_969
10500000,14000000,_391
10500000,14500000,469
10500000,15000000,981
10500000,15500000,745
10500000,16000000,_49
10500000,16500000,_807
10500000,17000000,_966
10500000,17500000,_408
10500000,18000000,480
10500000,18500000,983
10500000,19000000,757
10500000,19500000,_30
10500000,20000000,_796
10500000,20500000,_963
10500000,21000000,_396
10500000,21500000,464
10500000,22000000,980
10500000,22500000,769
10500000,23000000,_43
10500000,23500000,_804
10500000,24000000,_959
10500000,24500000,_385
10500000,25000000,475
10500000,25500000,982
11000000,0,_18
11000000,500000,312837
11000000,1000000,672595
11000000,1500000,1123657
11000000,2000000,1419029
11000000,2500000,1426302
11000000,3000000,1164802
11000000,3500000,840324
11000000,4000000,672096
11000000,4500000,383732
11000000,5000000,128823
11000000,5500000,148722
11000000,6000000,16215
11000000,6500000,749
11000000,7000000,_43
11000000,7500000,_804
11000000,8000000,_967
11000000,8500000,_413
11000000,9000000,475
11000000,9500000,982
11000000,10000000,761
11000000,10500000,_56
11000000,11000000,_811
11000000,11500000,_964
11000000,12000000,_402
11000000,12500000,458
11000000,13000000,985
11000000,13500000,753
11000000,14000000,_37
11000000,14500000,_800
11000000,15000000,_969
11000000,15500000,_390
11000000,16000000,469
11000000,16500000,981
11000000,17000000,765
11000000,17500000,_19
11000000,18000000,_808
11000000,18500000,_966
11000000,19000000,_378
11000000,19500000,481
11000000,20000000,984
11000000,20500000,756
11000000,21000000,_31
11000000,21500000,_815
11000000,22000000,_962
11000000,22500000,_395
11000000,23000000,464
11000000,23500000,980
11000000,24000000,748
11000000,24500000,_44
11000000,25000000,_804
11000000,25500000,_967
11500000,0,490455
11500000,500000,860525
11500000,1000000,1227128
11500000,1500000,1437648
11500000,2000000,1388946
11500000,2500000,1277606
11500000,3000000,1043771
11500000,3500000,786473
11500000,4000000,543938
11500000,4500000,232818
11500000,5000000,161272
11500000,5500000,43037
11500000,6000000,_962
11500000,6500000,_396
11500000,7000000,464
11500000,7500000,986
11500000,8000000,748
11500000,8500000,_44
11500000,9000000,_804
11500000,9500000,_967
11500000,10000000,_384
11500000,10500000,475
11500000,11000000,983
11500000,11500000,760
11500000,12000000,_25
11500000,12500000,_811
11500000,13000000,_964
11500000,13500000,_401
11500000,14000000,487
11500000,14500000,985
11500000,15000000,752
11500000,15500000,_38
11500000,16000000,_801
11500000,16500000,_961
11500000,17000000,_389
11500000,17500000,470
11500000,18000000,981
11500000,18500000,764
11500000,19000000,_51
11500000,19500000,_808
11500000,20000000,_966
11500000,20500000,_406
11500000,21000000,454
11500000,21500000,984
11500000,22000000,756
11500000,22500000,_63
11500000,23000000,_815
11500000,23500000,_962
11500000,24000000,_395
11500000,24500000,465
11500000,25000000,247842
11500000,25500000,525641
12000000,0,955325
12000000,500000,1315386
12000000,1000000,1459060
12000000,1500000,1485768
12000000,2000000,1385803
12000000,2500000,1157861
12000000,3000000,925569
12000000,3500000,549978
12000000,4000000,235520
12000000,4500000,121709
12000000,5000000,481
12000000,5500000,984
12000000,6000000,756
12000000,6500000,_32
12000000,7000000,_815
12000000,7500000,_970
12000000,8000000,_395
12000000,8500000,492
12000000,9000000,980
12000000,9500000,748
12000000,10000000,_45
12000000,10500000,_823
12000000,11000000,_967
12000000,11500000,_383
12000000,12000000,476
12000000,12500000,983
12000000,13000000,760
12000000,13500000,_57
12000000,14000000,_793
12000000,14500000,_964
12000000,15000000,_400
12000000,15500000,487
12000000,16000000,979
12000000,16500000,752
12000000,17000000,_70
12000000,17500000,_801
12000000,18000000,_960
12000000,18500000,_388
12000000,19000000,471
12000000,19500000,982
12000000,20000000,743
12000000,20500000,_52
12000000,21000000,_809
12000000,21500000,_965
12000000,22000000,_377
12000000,22500000,455
12000000,23000000,984
12000000,23500000,755
12000000,24000000,152802
12000000,24500000,336067
12000000,25000000,629347
12000000,25500000,970175
12500000,0,1387773
12500000,500000,1551497
12500000,1000000,1579625
12500000,1500000,1451572
12500000,2000000,1231429
12500000,2500000,943140
12500000,3000000,561793
12500000,3500000,246342
12500000,4000000,93777
12500000,4500000,_51
12500000,5000000,_808
12500000,5500000,_957
12500000,6000000,_406
12500000,6500000,482
12500000,7000000,984
12500000,7500000,755
12500000,8000000,_33
12500000,8500000,_816
12500000,9000000,_970
12500000,9500000,_394
12500000,10000000,466
12500000,10500000,986
12500000,11000000,767
12500000,11500000,_46
12500000,12000000,_823
12500000,12500000,_967
12500000,13000000,_382
12500000,13500000,477
12500000,14000000,983
12500000,14500000,759
12500000,15000000,_58
12500000,15500000,_812
12500000,16000000,_964
12500000,16500000,_399
12500000,17000000,488
12500000,17500000,979
12500000,18000000,751
12500000,18500000,_40
12500000,19000000,_802
12500000,19500000,_968
12500000,20000000,_388
12500000,20500000,499
12500000,21000000,982
12500000,21500000,743
12500000,22000000,_52
12500000,22500000,_809
12500000,23000000,103168
12500000,23500000,218548
12500000,24000000,427323
12500000,24500000,698292
12500000,25000000,1040953
12500000,25500000,1402938
13000000,0,1558293
13000000,500000,1571779
13000000,1000000,1424080
13000000,1500000,1196203
13000000,2000000,880779
13000000,2500000,510440
13000000,3000000,172771
13000000,3500000,_960
13000000,4000000,_388
13000000,4500000,472
13000000,5000000,982
13000000,5500000,743
13000000,6000000,_21
13000000,6500000,_809
13000000,7000000,_957
13000000,7500000,_405
13000000,8000000,483
13000000,8500000,984
13000000,9000000,734
13000000,9500000,_34
13000000,10000000,_816
13000000,10500000,_962
13000000,11000000,_393
13000000,11500000,466
13000000,12000000,986
13000000,12500000,767
13000000,13000000,_46
13000000,13500000,_806
13000000,14000000,_958
13000000,14500000,_410
13000000,15000000,478
13000000,15500000,988
13000000,16000000,759
13000000,16500000,_59
13000000,17000000,_813
13000000,17500000,_963
13000000,18000000,_399
13000000,18500000,489
13000000,19000000,985
13000000,19500000,750
13000000,20000000,_41
13000000,20500000,_820
13000000,21000000,_968
13000000,21500000,_387
13000000,22000000,9705
13000000,22500000,132866
13000000,23000000,225840
13000000,23500000,430046
13000000,24000000,691636
13000000,24500000,1059169
13000000,25000000,1405989
13000000,25500000,1537886
13500000,0,1471228
13500000,500000,1309660
13500000,1000000,1068673
13500000,1500000,728748
13500000,2000000,346801
13500000,2500000,489
13500000,3000000,985
13500000,3500000,750
13500000,4000000,_72
13500000,4500000,_802
13500000,5000000,_960
13500000,5500000,_387
13500000,6000000,472
13500000,6500000,982
13500000,7000000,742
13500000,7500000,_53
13500000,8000000,_809
13500000,8500000,_965
13500000,9000000,_375
13500000,9500000,456
13500000,10000000,984
13500000,10500000,733
13500000,11000000,_35
13500000,11500000,_817
13500000,12000000,_962
13500000,12500000,_363
13500000,13000000,467
13500000,13500000,986
13500000,14000000,746
13500000,14500000,_47
13500000,15000000,_806
13500000,15500000,_958
13500000,16000000,_409
13500000,16500000,478
13500000,17000000,983
13500000,17500000,758
13500000,18000000,_29
13500000,18500000,_813
13500000,19000000,_954
13500000,19500000,_398
13500000,20000000,489
13500000,20500000,985
13500000,21000000,6970
13500000,21500000,2946
13500000,22000000,52589
13500000,22500000,175764
13500000,23000000,340587
13500000,23500000,642530
13500000,24000000,1016802
13500000,24500000,1287011
13500000,25000000,1443785
13500000,25500000,1461056
14000000,0,1178175
14000000,500000,908247
14000000,1000000,569339
14000000,1500000,222338
14000000,2000000,_60
14000000,2500000,_813
14000000,3000000,_963
14000000,3500000,_398
14000000,4000000,489
14000000,4500000,980
14000000,5000000,750
14000000,5500000,_72
14000000,6000000,_802
14000000,6500000,_960
14000000,7000000,_386
14000000,7500000,500
14000000,8000000,982
14000000,8500000,741
14000000,9000000,_54
14000000,9500000,_810
14000000,10000000,_965
14000000,10500000,_374
14000000,11000000,457
14000000,11500000,984
14000000,12000000,754
14000000,12500000,_67
14000000,13000000,_799
14000000,13500000,_961
14000000,14000000,_363
14000000,14500000,468
14000000,15000000,986
14000000,15500000,745
14000000,16000000,_48
14000000,16500000,_807
14000000,17000000,_958
14000000,17500000,_380
14000000,18000000,479
14000000,18500000,983
14000000,19000000,737
14000000,19500000,_30
14000000,20000000,_814
14000000,20500000,35042
14000000,21000000,_397
14000000,21500000,463
14000000,22000000,115344
14000000,22500000,312464
14000000,23000000,629807
14000000,23500000,913471
14000000,24000000,1164373
14000000,24500000,1309833
14000000,25000000,1289723
14000000,25500000,1132380
14500000,0,767038
14500000,500000,477789
14500000,1000000,58763
14500000,1500000,_380
14500000,2000000,479
14500000,2500000,988
14500000,3000000,758
14500000,3500000,_61
14500000,4000000,_814
14500000,4500000,_963
14500000,5000000,_397
14500000,5500000,490
14500000,6000000,986
14500000,6500000,749
14500000,7000000,_42
14500000,7500000,_821
14500000,8000000,_968
14500000,8500000,_385
14500000,9000000,501
14500000,9500000,982
14500000,10000000,741
14500000,10500000,_55
14500000,11000000,_828
14500000,11500000,_964
14500000,12000000,_374
14500000,12500000,485
14500000,13000000,985
14500000,13500000,753
14500000,14000000,_67
14500000,14500000,_799
14500000,15000000,_961
14500000,15500000,_391
14500000,16000000,496
14500000,16500000,981
14500000,17000000,745
14500000,17500000,_80
14500000,18000000,_807
14500000,18500000,_957
14500000,19000000,_379
14500000,19500000,480
14500000,20000000,42835
14500000,20500000,736
14500000,21000000,_62
14500000,21500000,271057
14500000,22000000,414912
14500000,22500000,640297
14500000,23000000,918941
14500000,23500000,1110646
14500000,24000000,1300456
14500000,24500000,1198248
14500000,25000000,1078459
14500000,25500000,768592
15000000,0,322956
15000000,500000,987
15000000,1000000,745
15000000,1500000,_49
15000000,2000000,_807
15000000,2500000,_958
15000000,3000000,_408
15000000,3500000,480
15000000,4000000,989
15000000,4500000,757
15000000,5000000,_62
15000000,5500000,_814
15000000,6000000,_954
15000000,6500000,_396
15000000,7000000,491
15000000,7500000,986
15000000,8000000,749
15000000,8500000,_43
15000000,9000000,_822
15000000,9500000,_967
15000000,10000000,_385
15000000,10500000,475
15000000,11000000,988
15000000,11500000,761
15000000,12000000,_56
15000000,12500000,_829
15000000,13000000,_964
15000000,13500000,_373
15000000,14000000,486
15000000,14500000,985
15000000,15000000,753
15000000,15500000,_68
15000000,16000000,_818
15000000,16500000,_961
15000000,17000000,_390
15000000,17500000,497
15000000,18000000,981
15000000,18500000,744
15000000,19000000,32690
15000000,19500000,_808
15000000,20000000,_966
15000000,20500000,218266
15000000,21000000,437551
15000000,21500000,453612
15000000,22000000,698093
15000000,22500000,789483
15000000,23000000,1076337
15000000,23500000,1216844
15000000,24000000,1147330
15000000,24500000,1004289
15000000,25000000,670856
15000000,25500000,254010
15500000,0,_818
15500000,500000,_961
15500000,1000000,_361
15500000,1500000,469
15500000,2000000,987
15500000,2500000,744
15500000,3000000,_50
15500000,3500000,_807
15500000,4000000,_957
15500000,4500000,_378
15500000,5000000,481
15500000,5500000,984
15500000,6000000,736
15500000,6500000,_31
15500000,7000000,_815
15500000,7500000,_954
15500000,8000000,_396
15500000,8500000,492
15500000,9000000,986
15500000,9500000,727
15500000,10000000,_44
15500000,10500000,_822
15500000,11000000,_959
15500000,11500000,_384
15500000,12000000,475
15500000,12500000,988
15500000,13000000,760
15500000,13500000,_57
15500000,14000000,_811
15500000,14500000,_955
15500000,15000000,_401
15500000,15500000,486
15500000,16000000,990
15500000,16500000,752
15500000,17000000,_69
15500000,17500000,_819
15500000,18000000,_961
15500000,18500000,_389
15500000,19000000,498
15500000,19500000,23130
15500000,20000000,379502
15500000,20500000,442770
15500000,21000000,529891
15500000,21500000,652091
15500000,22000000,706426
15500000,22500000,978240
15500000,23000000,1054165
15500000,23500000,1116594
15500000,24000000,878775
15500000,24500000,466488
15500000,25000000,_962
15500000,25500000,_366
16000000,0,985
16000000,500000,752
16000000,1000000,_69
16000000,1500000,_800
16000000,2000000,_961
16000000,2500000,_360
16000000,3000000,470
16000000,3500000,987
16000000,4000000,744
16000000,4500000,_82
16000000,5000000,_808
16000000,5500000,_957
16000000,6000000,_378
16000000,6500000,481
16000000,7000000,984
16000000,7500000,735
16000000,8000000,_32
16000000,8500000,_815
16000000,9000000,_962
16000000,9500000,_366
16000000,10000000,465
16000000,10500000,986
16000000,11000000,727
16000000,11500000,_45
16000000,12000000,_823
16000000,12500000,_959
16000000,13000000,_383
16000000,13500000,476
16000000,14000000,988
16000000,14500000,739
16000000,15000000,_57
16000000,15500000,_812
16000000,16000000,_955
16000000,16500000,_400
16000000,17000000,487
16000000,17500000,1426
16000000,18000000,752
16000000,18500000,32804
16000000,19000000,318034
16000000,19500000,408328
16000000,20000000,458844
16000000,20500000,639293
16000000,21000000,541473
16000000,21500000,570145
16000000,22000000,784025
16000000,22500000,1049776
16000000,23000000,1037112
16000000,23500000,684031
16000000,24000000,482
16000000,24500000,989
16000000,25000000,755
16000000,25500000,_64
16500000,0,_964
16500000,500000,_371
16500000,1000000,487
16500000,1500000,985
16500000,2000000,752
16500000,2500000,_70
16500000,3000000,_819
16500000,3500000,_960
16500000,4000000,_389
16500000,4500000,498
16500000,5000000,982
16500000,5500000,743
16500000,6000000,_83
16500000,6500000,_808
16500000,7000000,_957
16500000,7500000,_377
16500000,8000000,509
16500000,8500000,984
16500000,9000000,735
16500000,9500000,_64
16500000,10000000,_816
16500000,10500000,_962
16500000,11000000,_365
16500000,11500000,158422
16500000,12000000,14160
16500000,12500000,38630
16500000,13000000,260951
16500000,13500000,286649
16500000,14000000,124085
16500000,14500000,_353
16500000,15000000,477
16500000,15500000,988
16500000,16000000,739
16500000,16500000,104969
16500000,17000000,117668
16500000,17500000,207878
16500000,18000000,423934
16500000,18500000,419409
16500000,19000000,604541
16500000,19500000,510820
16500000,20000000,566092
16500000,20500000,268155
16500000,21000000,542694
16500000,21500000,752849
16500000,22000000,1072441
16500000,22500000,904150
16500000,23000000,366295
16500000,23500000,_52
16500000,24000000,_827
16500000,24500000,_957
16500000,25000000,_376
16500000,25500000,483
17000000,0,759
17000000,500000,_58
17000000,1000000,_830
17000000,1500000,_964
17000000,2000000,_371
17000000,2500000,488
17000000,3000000,990
17000000,3500000,751
17000000,4000000,_71
17000000,4500000,_820
17000000,5000000,_960
17000000,5500000,_388
17000000,6000000,499
17000000,6500000,982
17000000,7000000,743
17000000,7500000,_52
17000000,8000000,_827
17000000,8500000,_965
17000000,9000000,_376
17000000,9500000,510
17000000,10000000,984
17000000,10500000,73335
17000000,11000000,310333
17000000,11500000,257243
17000000,12000000,515449
17000000,12500000,574760
17000000,13000000,378752
17000000,13500000,279164
17000000,14000000,146591
17000000,14500000,_78
17000000,15000000,_806
17000000,15500000,_958
17000000,16000000,234847
17000000,16500000,399484
17000000,17000000,665090
17000000,17500000,692770
17000000,18000000,577578
17000000,18500000,441972
17000000,19000000,617859
17000000,19500000,329538
17000000,20000000,264617
17000000,20500000,610640
17000000,21000000,715822
17000000,21500000,831465
17000000,22000000,591776
17000000,22500000,100463
17000000,23000000,_358
17000000,23500000,472
17000000,24000000,987
17000000,24500000,742
17000000,25000000,_53
17000000,25500000,_810
17500000,0,_382
17500000,500000,478
17500000,1000000,988
17500000,1500000,738
17500000,2000000,_59
17500000,2500000,_813
17500000,3000000,_955
17500000,3500000,_399
17500000,4000000,489
17500000,4500000,990
17500000,5000000,750
17500000,5500000,_72
17500000,6000000,_820
17500000,6500000,_951
17500000,7000000,_387
17500000,7500000,500
17500000,8000000,987
17500000,8500000,742
17500000,9000000,_53
17500000,9500000,_827
17500000,10000000,119629
17500000,10500000,341175
17500000,11000000,654348
17500000,11500000,871835
17500000,12000000,678636
17500000,12500000,780419
17500000,13000000,690262
17500000,13500000,232573
17500000,14000000,58463
17500000,14500000,495
17500000,15000000,412170
17500000,15500000,499618
17500000,16000000,1051153
17500000,16500000,1121193
17500000,17000000,925722
17500000,17500000,567977
17500000,18000000,524922
17500000,18500000,452358
17500000,19000000,238595
17500000,19500000,333740
17500000,20000000,422060
17500000,20500000,363536
17500000,21000000,505779
17500000,21500000,259271
17500000,22000000,985
17500000,22500000,729
17500000,23000000,_73
17500000,23500000,_821
17500000,24000000,_960
17500000,24500000,_357
17500000,25000000,473
17500000,25500000,987
18000000,0,_78
18000000,500000,_824
18000000,1000000,_958
18000000,1500000,_352
18000000,2000000,478
18000000,2500000,988
18000000,3000000,738
18000000,3500000,_60
18000000,4000000,_813
18000000,4500000,_954
18000000,5000000,_369
18000000,5500000,489
18000000,6000000,985
18000000,6500000,729
18000000,7000000,_41
18000000,7500000,_821
18000000,8000000,_950
18000000,8500000,_386
18000000,9000000,500
18000000,9500000,349173
18000000,10000000,1082276
18000000,10500000,1152030
18000000,11000000,1522945
18000000,11500000,1382137
18000000,12000000,1239584
18000000,12500000,686350
18000000,13000000,300170
18000000,13500000,262534
18000000,14000000,395286
18000000,14500000,835807
18000000,15000000,1217350
18000000,15500000,1637530
18000000,16000000,1288048
18000000,16500000,835942
18000000,17000000,370397
18000000,17500000,530751
18000000,18000000,272987
18000000,18500000,135381
18000000,19000000,106806
18000000,19500000,138712
18000000,20000000,79795
18000000,20500000,119380
18000000,21000000,_61
18000000,21500000,_832
18000000,22000000,_963
18000000,22500000,_368
18000000,23000000,490
18000000,23500000,986
18000000,24000000,749
18000000,24500000,_73
18000000,25000000,_803
18000000,25500000,_959
18500000,0,495
18500000,500000,986
18500000,1000000,745
18500000,1500000,_79
18500000,2000000,_806
18500000,2500000,_958
18500000,3000000,_351
18500000,3500000,479
18500000,4000000,988
18500000,4500000,737
18500000,5000000,_92
18500000,5500000,_814
18500000,6000000,_954
18500000,6500000,_368
18500000,7000000,490
18500000,7500000,985
18500000,8000000,92309
18500000,8500000,501242
18500000,9000000,1554534
18500000,9500000,1603699
18500000,10000000,1800116
18500000,10500000,1801464
18500000,11000000,1992602
18500000,11500000,1393550
18500000,12000000,740103
18500000,12500000,734349
18500000,13000000,588966
18500000,13500000,932693
18500000,14000000,1475424
18500000,14500000,1855437
18500000,15000000,1881353
18500000,15500000,1221414
18500000,16000000,620082
18500000,16500000,465930
18500000,17000000,703727
18500000,17500000,230927
18500000,18000000,68472
18500000,18500000,26176
18500000,19000000,_49
18500000,19500000,_825
18500000,20000000,_948
18500000,20500000,_379
18500000,21000000,507
18500000,21500000,989
18500000,22000000,736
18500000,22500000,_62
18500000,23000000,_832
18500000,23500000,_963
18500000,24000000,_367
18500000,24500000,491
18500000,25000000,990
18500000,25500000,749
19000000,0,_835
19000000,500000,_961
19000000,1000000,_362
19000000,1500000,496
19000000,2000000,987
19000000,2500000,745
19000000,3000000,_80
19000000,3500000,_825
19000000,4000000,_958
19000000,4500000,_379
19000000,5000000,507
19000000,5500000,983
19000000,6000000,736
19000000,6500000,_93
19000000,7000000,435066
19000000,7500000,1044670
19000000,8000000,1601211
19000000,8500000,2098731
19000000,9000000,2258534
19000000,9500000,2048391
19000000,10000000,2854581
19000000,10500000,2224316
19000000,11000000,1435593
19000000,11500000,1213508
19000000,12000000,1251232
19000000,12500000,1122222
19000000,13000000,1666141
19000000,13500000,1807473
19000000,14000000,2092915
19000000,14500000,1672462
19000000,15000000,941959
19000000,15500000,612132
19000000,16000000,651312
19000000,16500000,527255
19000000,17000000,48470
19000000,17500000,_818
19000000,18000000,_952
19000000,18500000,_390
19000000,19000000,497
19000000,19500000,987
19000000,20000000,723
19000000,20500000,_50
19000000,21000000,_826
19000000,21500000,_957
19000000,22000000,_378
19000000,22500000,481
19000000,23000000,989
19000000,23500000,757
19000000,24000000,_62
19000000,24500000,_833
19000000,25000000,_954
19000000,25500000,_367
19500000,0,990
19500000,500000,753
19500000,1000000,_68
19500000,1500000,_836
19500000,2000000,_961
19500000,2500000,_361
19500000,3000000,497
19500000,3500000,991
19500000,4000000,744
19500000,4500000,_81
19500000,5000000,_825
19500000,5500000,_957
19500000,6000000,568640
19500000,6500000,1612981
19500000,7000000,2497086
19500000,7500000,3081897
19500000,8000000,2585830
19500000,8500000,2658198
19500000,9000000,2892086
19500000,9500000,3313101
19500000,10000000,2284964
19500000,10500000,1667052
19500000,11000000,1368848
19500000,11500000,1542571
19500000,12000000,1861033
19500000,12500000,1890073
19500000,13000000,2043721
19500000,13500000,2100084
19500000,14000000,1423792
19500000,14500000,809303
19500000,15000000,616905
19500000,15500000,773509
19500000,16000000,390393
19500000,16500000,_372
19500000,17000000,486
19500000,17500000,985
19500000,18000000,731
19500000,18500000,_100
19500000,19000000,_819
19500000,19500000,_951
19500000,20000000,_360
19500000,20500000,498
19500000,21000000,987
19500000,21500000,722
19500000,22000000,_51
19500000,22500000,_826
19500000,23000000,_957
19500000,23500000,_348
19500000,24000000,481
19500000,24500000,989
19500000,25000000,735
19500000,25500000,_63
20000000,0,_955
20000000,500000,_372
20000000,1000000,486
20000000,1500000,990
20000000,2000000,731
20000000,2500000,_69
20000000,3000000,_819
20000000,3500000,_952
20000000,4000000,_389
20000000,4500000,497
20000000,5000000,991
20000000,5500000,1645473
20000000,6000000,2733015
20000000,6500000,3470097
20000000,7000000,3384090
20000000,7500000,3124456
20000000,8000000,3312757
20000000,8500000,3648124
20000000,9000000,3460802
20000000,9500000,2457453
20000000,10000000,1720514
20000000,10500000,1604109
20000000,11000000,2172635
20000000,11500000,2108705
20000000,12000000,2057608
20000000,12500000,2214790
20000000,13000000,2022396
20000000,13500000,1140009
20000000,14000000,673417
20000000,14500000,1037285
20000000,15000000,820223
20000000,15500000,235267
20000000,16000000,113160
20000000,16500000,_89
20000000,17000000,_830
20000000,17500000,_955
20000000,18000000,_371
20000000,18500000,514
20000000,19000000,985
20000000,19500000,731
20000000,20000000,_70
20000000,20500000,_819
20000000,21000000,_960
20000000,21500000,_360
20000000,22000000,525
20000000,22500000,987
20000000,23000000,722
20000000,23500000,_83
20000000,24000000,_826
20000000,24500000,_957
20000000,25000000,_348
20000000,25500000,482
20500000,0,718
20500000,500000,_57
20500000,1000000,_830
20500000,1500000,_955
20500000,2000000,_342
20500000,2500000,487
20500000,3000000,990
20500000,3500000,731
20500000,4000000,_70
20500000,4500000,1216340
20500000,5000000,2546027
20500000,5500000,3205716
20500000,6000000,3530776
20500000,6500000,3485137
20500000,7000000,3966222
20500000,7500000,4141907
20500000,8000000,4405838
20500000,8500000,3814069
20500000,9000000,2507334
20500000,9500000,2045904
20500000,10000000,2465080
20500000,10500000,2344372
20500000,11000000,2313655
20500000,11500000,1936976
20500000,12000000,1896497
20500000,12500000,1589321
20500000,13000000,1122510
20500000,13500000,985781
20500000,14000000,965846
20500000,14500000,596964
20500000,15000000,365872
20500000,15500000,_958
20500000,16000000,_382
20500000,16500000,504
20500000,17000000,992
20500000,17500000,739
20500000,18000000,_89
20500000,18500000,_830
20500000,19000000,_955
20500000,19500000,_371
20500000,20000000,515
20500000,20500000,985
20500000,21000000,730
20500000,21500000,_71
20500000,22000000,_837
20500000,22500000,_960
20500000,23000000,_359
20500000,23500000,499
20500000,24000000,987
20500000,24500000,743
20500000,25000000,_84
20500000,25500000,_809
21000000,0,_382
21000000,500000,531
21000000,1000000,983
21000000,1500000,717
21000000,2000000,_89
21000000,2500000,_830
21000000,3000000,_955
21000000,3500000,329730
21000000,4000000,1725235
21000000,4500000,3314210
21000000,5000000,3137101
21000000,5500000,3412604
21000000,6000000,3956209
21000000,6500000,5004686
21000000,7000000,5109530
21000000,7500000,4691160
21000000,8000000,3852193
21000000,8500000,2919519
21000000,9000000,2669857
21000000,9500000,2604877
21000000,10000000,2223165
21000000,10500000,1997492
21000000,11000000,1893980
21000000,11500000,1831270
21000000,12000000,1520858
21000000,12500000,901918
21000000,13000000,1265285
21000000,13500000,967486
21000000,14000000,866449
21000000,14500000,357449
21000000,15000000,122414
21000000,15500000,725
21000000,16000000,_78
21000000,16500000,_824
21000000,17000000,_958
21000000,17500000,_382
21000000,18000000,478
21000000,18500000,992
21000000,19000000,759
21000000,19500000,_90
21000000,20000000,_831
21000000,20500000,_955
21000000,21000000,_370
21000000,21500000,489
21000000,22000000,994
21000000,22500000,750
21000000,23000000,_103
21000000,23500000,_838
21000000,24000000,_951
21000000,24500000,_358
21000000,25000000,500
21000000,25500000,987
21500000,0,_109
21500000,500000,_841
21500000,1000000,_949
21500000,1500000,_353
21500000,2000000,505
21500000,2500000,988
21500000,3000000,1013628
21500000,3500000,2229464
21500000,4000000,3134196
21500000,4500000,3633085
21500000,5000000,3809604
21500000,5500000,5118739
21500000,6000000,5630245
21500000,6500000,5775258
21500000,7000000,4967626
21500000,7500000,3876251
21500000,8000000,3275249
21500000,8500000,3078606
21500000,9000000,2653545
21500000,9500000,2038816
21500000,10000000,1791734
21500000,10500000,1854608
21500000,11000000,1694211
21500000,11500000,1093146
21500000,12000000,1125650
21500000,12500000,1078615
21500000,13000000,1136851
21500000,13500000,975879
21500000,14000000,526923
21500000,14500000,_834
21500000,15000000,_953
21500000,15500000,_364
21500000,16000000,495
21500000,16500000,986
21500000,17000000,703
21500000,17500000,_47
21500000,18000000,_841
21500000,18500000,_949
21500000,19000000,_352
21500000,19500000,506
21500000,20000000,988
21500000,20500000,737
21500000,21000000,_60
21500000,21500000,_813
21500000,22000000,_945
21500000,22500000,_398
21500000,23000000,516
21500000,23500000,990
21500000,24000000,729
21500000,24500000,_73
21500000,25000000,_821
21500000,25500000,_940
22000000,0,521
22000000,500000,991
22000000,1000000,463980
22000000,1500000,_78
22000000,2000000,262600
22000000,2500000,1307726
22000000,3000000,3145973
22000000,3500000,3399088
22000000,4000000,3874934
22000000,4500000,4674897
22000000,5000000,5864359
22000000,5500000,6151587
22000000,6000000,5991844
22000000,6500000,5254516
22000000,7000000,4061883
22000000,7500000,3314613
22000000,8000000,2889794
22000000,8500000,2775352
22000000,9000000,2034457
22000000,9500000,2081366
22000000,10000000,2228588
22000000,10500000,1562800
22000000,11000000,1053173
22000000,11500000,1078039
22000000,12000000,1502273
22000000,12500000,1231448
22000000,13000000,687287
22000000,13500000,252557
22000000,14000000,511
22000000,14500000,989
22000000,15000000,733
22000000,15500000,_67
22000000,16000000,_817
22000000,16500000,_961
22000000,17000000,_333
22000000,17500000,468
22000000,18000000,991
22000000,18500000,724
22000000,19000000,_79
22000000,19500000,_825
22000000,20000000,_958
22000000,20500000,_321
22000000,21000000,479
22000000,21500000,993
22000000,22000000,715
22000000,22500000,_92
22000000,23000000,_832
22000000,23500000,_954
22000000,24000000,_368
22000000,24500000,490
22000000,25000000,986
22000000,25500000,707
22500000,0,712001
22500000,500000,359540
22500000,1000000,_363
22500000,1500000,1022573
22500000,2000000,2299463
22500000,2500000,3757981
22500000,3000000,3655079
22500000,3500000,4175886
22500000,4000000,5030125
22500000,4500000,5846757
22500000,5000000,6427898
22500000,5500000,6292059
22500000,6000000,4996490
22500000,6500000,4665846
22500000,7000000,3454241
22500000,7500000,3124613
22500000,8000000,2885330
22500000,8500000,2465010
22500000,9000000,2563764
22500000,9500000,2297727
22500000,10000000,1482282
22500000,10500000,1159728
22500000,11000000,1474536
22500000,11500000,1572763
22500000,12000000,1357464
22500000,12500000,513601
22500000,13000000,720
22500000,13500000,_86
22500000,14000000,_828
22500000,14500000,_956
22500000,15000000,_374
22500000,15500000,539
22500000,16000000,984
22500000,16500000,711
22500000,17000000,301120
22500000,17500000,562116
22500000,18000000,_952
22500000,18500000,_362
22500000,19000000,496
22500000,19500000,987
22500000,20000000,745
22500000,20500000,_111
22500000,21000000,_807
22500000,21500000,_948
22500000,22000000,_350
22500000,22500000,507
22500000,23000000,989
22500000,23500000,736
22500000,24000000,_124
22500000,24500000,_814
22500000,25000000,154424
22500000,25500000,917433
23000000,0,494726
23000000,500000,578481
23000000,1000000,2137635
23000000,1500000,3315238
23000000,2000000,4160623
23000000,2500000,4001787
23000000,3000000,3833624
23000000,3500000,5307993
23000000,4000000,5954049
23000000,4500000,7045427
23000000,5000000,6326363
23000000,5500000,4731811
23000000,6000000,3988090
23000000,6500000,3448739
23000000,7000000,3494968
23000000,7500000,3342610
23000000,8000000,2859135
23000000,8500000,2876050
23000000,9000000,2343010
23000000,9500000,1647735
23000000,10000000,1426930
23000000,10500000,1817090
23000000,11000000,1548036
23000000,11500000,913239
23000000,12000000,257902
23000000,12500000,_950
23000000,13000000,_356
23000000,13500000,502
23000000,14000000,988
23000000,14500000,740
23000000,15000000,19459
23000000,15500000,625487
23000000,16000000,841858
23000000,16500000,1386323
23000000,17000000,1032178
23000000,17500000,144770
23000000,18000000,732
23000000,18500000,_68
23000000,19000000,_853
23000000,19500000,_961
23000000,20000000,_332
23000000,20500000,524
23000000,21000000,991
23000000,21500000,723
23000000,22000000,_81
23000000,22500000,_826
23000000,23000000,_957
23000000,23500000,_378
23000000,24000000,613907
23000000,24500000,1180754
23000000,25000000,1144400
23000000,25500000,473310
23500000,0,2213590
23500000,500000,3184891
23500000,1000000,4248534
23500000,1500000,4290997
23500000,2000000,3528946
23500000,2500000,3934609
23500000,3000000,5221516
23500000,3500000,6707674
23500000,4000000,7245228
23500000,4500000,5445260
23500000,5000000,4461674
23500000,5500000,3654663
23500000,6000000,3248461
23500000,6500000,3966836
23500000,7000000,3446748
23500000,7500000,3043041
23500000,8000000,3114740
23500000,8500000,2303191
23500000,9000000,1359904
23500000,9500000,1809892
23500000,10000000,1895232
23500000,10500000,1057922
23500000,11000000,623365
23500000,11500000,519
23500000,12000000,990
23500000,12500000,727
23500000,13000000,_75
23500000,13500000,_822
23500000,14000000,489835
23500000,14500000,1203758
23500000,15000000,1579216
23500000,15500000,1659908
23500000,16000000,2145020
23500000,16500000,1514107
23500000,17000000,848543
23500000,17500000,621370
23500000,18000000,_372
23500000,18500000,486
23500000,19000000,994
23500000,19500000,752
23500000,20000000,_100
23500000,20500000,_836
23500000,21000000,56676
23500000,21500000,425681
23500000,22000000,497
23500000,22500000,995
23500000,23000000,439148
23500000,23500000,1260377
23500000,24000000,1875950
23500000,24500000,1228878
23500000,25000000,1511744
23500000,25500000,2469487
24000000,0,4001826
24000000,500000,4681415
24000000,1000000,4563750
24000000,1500000,3455361
24000000,2000000,4462146
24000000,2500000,6658034
24000000,3000000,7891431
24000000,3500000,6240035
24000000,4000000,5146626
24000000,4500000,4406003
24000000,5000000,3400376
24000000,5500000,4158278
24000000,6000000,4266481
24000000,6500000,3369466
24000000,7000000,2958783
24000000,7500000,2670931
24000000,8000000,1521333
24000000,8500000,1042118
24000000,9000000,1587364
24000000,9500000,1411733
24000000,10000000,949512
24000000,10500000,287827
24000000,11000000,_94
24000000,11500000,_833
24000000,12000000,_953
24000000,12500000,_366
24000000,13000000,704691
24000000,13500000,1521239
24000000,14000000,2265243
24000000,14500000,2327011
24000000,15000000,2751492
24000000,15500000,2841208
24000000,16000000,2351105
24000000,16500000,1491619
24000000,17000000,1075210
24000000,17500000,327851
24000000,18000000,_120
24000000,18500000,_847
24000000,19000000,_964
24000000,19500000,_342
24000000,20000000,386677
24000000,20500000,710930
24000000,21000000,853292
24000000,21500000,408917
24000000,22000000,268240
24000000,22500000,1238561
24000000,23000000,1327205
24000000,23500000,1911981
24000000,24000000,1684474
24000000,24500000,2881746
24000000,25000000,3667058
24000000,25500000,4192954
24500000,0,4664246
24500000,500000,4195780
24500000,1000000,3400179
24500000,1500000,6727447
24500000,2000000,8945961
24500000,2500000,7462031
24500000,3000000,6340049
24500000,3500000,5350267
24500000,4000000,4812683
24500000,4500000,4065502
24500000,5000000,4773456
24500000,5500000,3935052
24500000,6000000,3095563
24500000,6500000,2860045
24500000,7000000,1722457
24500000,7500000,784788
24500000,8000000,1380462
24500000,8500000,1429345
24500000,9000000,1388433
24500000,9500000,1023282
24500000,10000000,_947
24500000,10500000,_406
24500000,11000000,509
24500000,11500000,989
24500000,12000000,704412
24500000,12500000,1385050
24500000,13000000,2383343
24500000,13500000,3011482
24500000,14000000,3268308
24500000,14500000,3475824
24500000,15000000,3422463
24500000,15500000,2780877
24500000,16000000,1912036
24500000,16500000,1471678
24500000,17000000,397052
24500000,17500000,_382
24500000,18000000,477
24500000,18500000,135142
24500000,19000000,778361
24500000,19500000,1257181
24500000,20000000,1253599
24500000,20500000,1055086
24500000,21000000,563504
24500000,21500000,844495
24500000,22000000,1146219
24500000,22500000,2044395
24500000,23000000,2184621
24500000,23500000,3129730
24500000,24000000,3875604
24500000,24500000,4731315
24500000,25000000,4476317
24500000,25500000,4661217
25000000,0,3455152
25000000,500000,4493701
25000000,1000000,9541749
25000000,1500000,8153872
25000000,2000000,7559737
25000000,2500000,6633472
25000000,3000000,5762631
25000000,3500000,4745654
25000000,4000000,4477305
25000000,4500000,4701783
25000000,5000000,3464849
25000000,5500000,2750312
25000000,6000000,2320878
25000000,6500000,1162461
25000000,7000000,1375541
25000000,7500000,1709449
25000000,8000000,1480235
25000000,8500000,1682528
25000000,9000000,463878
25000000,9500000,992
25000000,10000000,721
25000000,10500000,_83
25000000,11000000,199329
25000000,11500000,1286171
25000000,12000000,2295144
25000000,12500000,3239960
25000000,13000000,3783747
25000000,13500000,3925788
25000000,14000000,3982941
25000000,14500000,3483775
25000000,15000000,2829897
25000000,15500000,2378770
25000000,16000000,1345008
25000000,16500000,436960
25000000,17000000,99061
25000000,17500000,370252
25000000,18000000,1163563
25000000,18500000,1526381
25000000,19000000,2245455
25000000,19500000,1719860
25000000,20000000,1368867
25000000,20500000,547602
25000000,21000000,1432130
25000000,21500000,1755346
25000000,22000000,2870375
25000000,22500000,3197208
25000000,23000000,3778304
25000000,23500000,4239103
25000000,24000000,4743988
25000000,24500000,4296609
25000000,25000000,4362359
25000000,25500000,3298930
25500000,0,521
25500000,500000,9948
25500000,1000000,725
25500000,1500000,690
25500000,2000000,6271
25500000,2500000,_939
25500000,3000000,9157
25500000,3500000,531
25500000,4000000,983
25500000,4500000,8358
25500000,5000000,_90
25500000,5500000,6597
25500000,6000000,_955
25500000,6500000,_311
25500000,7000000,9787
25500000,7500000,985
25500000,8000000,3972
25500000,8500000,3023
25500000,9000000,_838
25500000,9500000,9944
25500000,10000000,_299
25500000,10500000,340
25500000,11000000,5803
25500000,11500000,742
25500000,12000000,8871
25500000,12500000,_844
25500000,13000000,_947
25500000,13500000,8379
25500000,14000000,511
25500000,14500000,7026
25500000,15000000,734
25500000,15500000,_66
25500000,16000000,9795
25500000,16500000,_943
25500000,17000000,3937
25500000,17500000,3060
25500000,18000000,991
25500000,18500000,9940
25500000,19000000,_78
25500000,19500000,302
25500000,20000000,5834
25500000,20500000,_322
25500000,21000000,8853
25500000,21500000,992
25500000,22000000,716
25500000,22500000,8400
25500000,23000000,_831
25500000,23500000,6999
25500000,24000000,_369
25500000,24500000,489
25500000,25000000,9802
25500000,25500000,707
